0 verbose cli C:\Program Files\nodejs\node.exe C:\Program Files\nodejs\node_modules\npm\bin\npm-cli.js
1 info using npm@10.9.2
2 info using node@v22.14.0
3 silly config load:file:C:\Program Files\nodejs\node_modules\npm\npmrc
4 silly config load:file:C:\Users\Joud Alharbi\Desktop\Almoheet\.npmrc
5 silly config load:file:C:\Users\Joud Alharbi\.npmrc
6 silly config load:file:C:\Users\Joud Alharbi\AppData\Roaming\npm\etc\npmrc
7 verbose title npm install
8 verbose argv "install" "--cache" ".npm-cache" "--prefer-offline" "false"
9 verbose logfile logs-max:10 dir:C:\Users\Joud Alharbi\Desktop\Almoheet\.npm-cache\_logs\2026-06-16T18_39_38_016Z-
10 verbose logfile C:\Users\Joud Alharbi\Desktop\Almoheet\.npm-cache\_logs\2026-06-16T18_39_38_016Z-debug-0.log
11 silly logfile done cleaning log files
12 silly packumentCache heap:4345298944 maxSize:1086324736 maxEntrySize:543162368
13 silly idealTree buildDeps
14 silly fetch manifest next@16.2.9
15 silly packumentCache full:https://registry.npmjs.org/next cache-miss
16 http fetch GET 200 https://registry.npmjs.org/npm 700ms
17 http fetch GET 200 https://registry.npmjs.org/next 942ms (cache miss)
18 silly packumentCache full:https://registry.npmjs.org/next set size:undefined disposed:false
19 silly fetch manifest @opentelemetry/api@^1.1.0
20 silly packumentCache full:https://registry.npmjs.org/@opentelemetry%2fapi cache-miss
21 http fetch GET 200 https://registry.npmjs.org/@opentelemetry%2fapi 107ms (cache miss)
22 silly packumentCache full:https://registry.npmjs.org/@opentelemetry%2fapi set size:undefined disposed:false
23 silly fetch manifest @playwright/test@^1.51.1
24 silly packumentCache full:https://registry.npmjs.org/@playwright%2ftest cache-miss
25 http fetch GET 200 https://registry.npmjs.org/@playwright%2ftest 295ms (cache miss)
26 silly packumentCache full:https://registry.npmjs.org/@playwright%2ftest set size:undefined disposed:false
27 silly fetch manifest babel-plugin-react-compiler@*
28 silly packumentCache full:https://registry.npmjs.org/babel-plugin-react-compiler cache-miss
29 http fetch GET 200 https://registry.npmjs.org/babel-plugin-react-compiler 112ms (cache miss)
30 silly packumentCache full:https://registry.npmjs.org/babel-plugin-react-compiler set size:undefined disposed:false
31 silly fetch manifest react@^19.2.7
32 silly packumentCache full:https://registry.npmjs.org/react cache-miss
33 http fetch GET 200 https://registry.npmjs.org/react 225ms (cache miss)
34 silly packumentCache full:https://registry.npmjs.org/react set size:undefined disposed:false
35 silly fetch manifest react-dom@^19.2.7
36 silly packumentCache full:https://registry.npmjs.org/react-dom cache-miss
37 http fetch GET 200 https://registry.npmjs.org/react-dom 308ms (cache miss)
38 silly packumentCache full:https://registry.npmjs.org/react-dom set size:undefined disposed:false
39 silly fetch manifest sass@^1.3.0
40 silly packumentCache full:https://registry.npmjs.org/sass cache-miss
41 http fetch GET 200 https://registry.npmjs.org/sass 120ms (cache miss)
42 silly packumentCache full:https://registry.npmjs.org/sass set size:undefined disposed:false
43 silly fetch manifest eslint-config-next@16.2.9
44 silly packumentCache full:https://registry.npmjs.org/eslint-config-next cache-miss
45 http fetch GET 200 https://registry.npmjs.org/eslint-config-next 240ms (cache miss)
46 silly packumentCache full:https://registry.npmjs.org/eslint-config-next set size:undefined disposed:false
47 silly fetch manifest eslint@^9.18.0
48 silly packumentCache full:https://registry.npmjs.org/eslint cache-miss
49 http fetch GET 200 https://registry.npmjs.org/eslint 140ms (cache miss)
50 silly packumentCache full:https://registry.npmjs.org/eslint set size:undefined disposed:false
51 silly fetch manifest jiti@*
52 silly packumentCache full:https://registry.npmjs.org/jiti cache-miss
53 http fetch GET 200 https://registry.npmjs.org/jiti 99ms (cache miss)
54 silly packumentCache full:https://registry.npmjs.org/jiti set size:undefined disposed:false
55 silly fetch manifest typescript@^5.7.3
56 silly packumentCache full:https://registry.npmjs.org/typescript cache-miss
57 http fetch GET 200 https://registry.npmjs.org/typescript 331ms (cache miss)
58 silly packumentCache full:https://registry.npmjs.org/typescript set size:undefined disposed:false
59 silly placeDep ROOT eslint-config-next@16.2.9 REPLACE for: almoheet-agency@1.0.0 want: 16.2.9
60 silly placeDep ROOT next@16.2.9 REPLACE for: almoheet-agency@1.0.0 want: 16.2.9
61 silly fetch manifest globals@16.4.0
62 silly packumentCache full:https://registry.npmjs.org/globals cache-miss
63 silly fetch manifest typescript-eslint@^8.46.0
64 silly packumentCache full:https://registry.npmjs.org/typescript-eslint cache-miss
65 silly fetch manifest @next/eslint-plugin-next@16.2.9
66 silly packumentCache full:https://registry.npmjs.org/@next%2feslint-plugin-next cache-miss
67 silly fetch manifest eslint-plugin-react-hooks@^7.0.0
68 silly packumentCache full:https://registry.npmjs.org/eslint-plugin-react-hooks cache-miss
69 silly fetch manifest @next/env@16.2.9
70 silly packumentCache full:https://registry.npmjs.org/@next%2fenv cache-miss
71 silly fetch manifest sharp@^0.34.5
72 silly packumentCache full:https://registry.npmjs.org/sharp cache-miss
73 silly fetch manifest @next/swc-darwin-x64@16.2.9
74 silly packumentCache full:https://registry.npmjs.org/@next%2fswc-darwin-x64 cache-miss
75 silly fetch manifest @next/swc-darwin-arm64@16.2.9
76 silly packumentCache full:https://registry.npmjs.org/@next%2fswc-darwin-arm64 cache-miss
77 silly fetch manifest @next/swc-linux-x64-gnu@16.2.9
78 silly packumentCache full:https://registry.npmjs.org/@next%2fswc-linux-x64-gnu cache-miss
79 silly fetch manifest @next/swc-linux-x64-musl@16.2.9
80 silly packumentCache full:https://registry.npmjs.org/@next%2fswc-linux-x64-musl cache-miss
81 silly fetch manifest @next/swc-win32-x64-msvc@16.2.9
82 silly packumentCache full:https://registry.npmjs.org/@next%2fswc-win32-x64-msvc cache-miss
83 silly fetch manifest @next/swc-linux-arm64-gnu@16.2.9
84 silly packumentCache full:https://registry.npmjs.org/@next%2fswc-linux-arm64-gnu cache-miss
85 silly fetch manifest @next/swc-linux-arm64-musl@16.2.9
86 silly packumentCache full:https://registry.npmjs.org/@next%2fswc-linux-arm64-musl cache-miss
87 silly fetch manifest @next/swc-win32-arm64-msvc@16.2.9
88 silly packumentCache full:https://registry.npmjs.org/@next%2fswc-win32-arm64-msvc cache-miss
89 http fetch GET 200 https://registry.npmjs.org/globals 116ms (cache miss)
90 silly packumentCache full:https://registry.npmjs.org/globals set size:undefined disposed:false
91 http fetch GET 200 https://registry.npmjs.org/typescript-eslint 284ms (cache miss)
92 silly packumentCache full:https://registry.npmjs.org/typescript-eslint set size:undefined disposed:false
93 http fetch GET 200 https://registry.npmjs.org/sharp 413ms (cache miss)
94 silly packumentCache full:https://registry.npmjs.org/sharp set size:undefined disposed:false
95 http fetch GET 200 https://registry.npmjs.org/@next%2fswc-win32-x64-msvc 632ms (cache miss)
96 silly packumentCache full:https://registry.npmjs.org/@next%2fswc-win32-x64-msvc set size:undefined disposed:false
97 http fetch GET 200 https://registry.npmjs.org/@next%2fswc-linux-arm64-gnu 807ms (cache miss)
98 silly packumentCache full:https://registry.npmjs.org/@next%2fswc-linux-arm64-gnu set size:undefined disposed:false
99 http fetch GET 200 https://registry.npmjs.org/@next%2fswc-darwin-arm64 922ms (cache miss)
100 silly packumentCache full:https://registry.npmjs.org/@next%2fswc-darwin-arm64 set size:undefined disposed:false
101 http fetch GET 200 https://registry.npmjs.org/@next%2fswc-win32-arm64-msvc 1020ms (cache miss)
102 silly packumentCache full:https://registry.npmjs.org/@next%2fswc-win32-arm64-msvc set size:undefined disposed:false
103 http fetch GET 200 https://registry.npmjs.org/@next%2fswc-darwin-x64 1169ms (cache miss)
104 silly packumentCache full:https://registry.npmjs.org/@next%2fswc-darwin-x64 set size:undefined disposed:false
105 http fetch GET 200 https://registry.npmjs.org/@next%2fswc-linux-x64-gnu 1216ms (cache miss)
106 silly packumentCache full:https://registry.npmjs.org/@next%2fswc-linux-x64-gnu set size:undefined disposed:false
107 http fetch GET 200 https://registry.npmjs.org/@next%2fswc-linux-x64-musl 1299ms (cache miss)
108 silly packumentCache full:https://registry.npmjs.org/@next%2fswc-linux-x64-musl set size:undefined disposed:false
109 http fetch GET 200 https://registry.npmjs.org/@next%2fswc-linux-arm64-musl 1346ms (cache miss)
110 silly packumentCache full:https://registry.npmjs.org/@next%2fswc-linux-arm64-musl set size:undefined disposed:false
111 http fetch GET 200 https://registry.npmjs.org/@next%2fenv 1423ms (cache miss)
112 silly packumentCache full:https://registry.npmjs.org/@next%2fenv set size:undefined disposed:false
113 http fetch GET 200 https://registry.npmjs.org/@next%2feslint-plugin-next 1523ms (cache miss)
114 silly packumentCache full:https://registry.npmjs.org/@next%2feslint-plugin-next set size:undefined disposed:false
115 http fetch GET 200 https://registry.npmjs.org/eslint-plugin-react-hooks 1643ms (cache miss)
116 silly packumentCache full:https://registry.npmjs.org/eslint-plugin-react-hooks set size:undefined disposed:false
117 silly fetch manifest eslint@>=9.0.0
118 silly packumentCache full:https://registry.npmjs.org/eslint cache-miss
119 http cache https://registry.npmjs.org/eslint 34ms (cache hit)
120 silly packumentCache full:https://registry.npmjs.org/eslint set size:2011545 disposed:false
121 silly fetch manifest typescript@>=3.3.1
122 silly packumentCache full:https://registry.npmjs.org/typescript cache-miss
123 http cache https://registry.npmjs.org/typescript 54ms (cache hit)
124 silly packumentCache full:https://registry.npmjs.org/typescript set size:15409943 disposed:false
125 silly placeDep ROOT @next/eslint-plugin-next@16.2.9 OK for: eslint-config-next@16.2.9 want: 16.2.9
126 silly placeDep ROOT eslint-plugin-react-hooks@7.1.1 OK for: eslint-config-next@16.2.9 want: ^7.0.0
127 silly placeDep node_modules/eslint-config-next globals@16.4.0 OK for: eslint-config-next@16.2.9 want: 16.4.0
128 silly placeDep ROOT typescript-eslint@8.61.1 OK for: eslint-config-next@16.2.9 want: ^8.46.0
129 silly fetch manifest fast-glob@3.3.1
130 silly packumentCache full:https://registry.npmjs.org/fast-glob cache-miss
131 silly fetch manifest zod@^3.25.0 || ^4.0.0
132 silly packumentCache full:https://registry.npmjs.org/zod cache-miss
133 silly fetch manifest @babel/core@^7.24.4
134 silly packumentCache full:https://registry.npmjs.org/@babel%2fcore cache-miss
135 silly fetch manifest @babel/parser@^7.24.4
136 silly packumentCache full:https://registry.npmjs.org/@babel%2fparser cache-miss
137 silly fetch manifest hermes-parser@^0.25.1
138 silly packumentCache full:https://registry.npmjs.org/hermes-parser cache-miss
139 silly fetch manifest zod-validation-error@^3.5.0 || ^4.0.0
140 silly packumentCache full:https://registry.npmjs.org/zod-validation-error cache-miss
141 silly fetch manifest @typescript-eslint/utils@8.61.1
142 silly packumentCache full:https://registry.npmjs.org/@typescript-eslint%2futils cache-miss
143 silly fetch manifest @typescript-eslint/parser@8.61.1
144 silly packumentCache full:https://registry.npmjs.org/@typescript-eslint%2fparser cache-miss
145 silly fetch manifest @typescript-eslint/eslint-plugin@8.61.1
146 silly packumentCache full:https://registry.npmjs.org/@typescript-eslint%2feslint-plugin cache-miss
147 silly fetch manifest @typescript-eslint/typescript-estree@8.61.1
148 silly packumentCache full:https://registry.npmjs.org/@typescript-eslint%2ftypescript-estree cache-miss
149 http fetch GET 200 https://registry.npmjs.org/hermes-parser 117ms (cache miss)
150 silly packumentCache full:https://registry.npmjs.org/hermes-parser set size:undefined disposed:false
151 http fetch GET 200 https://registry.npmjs.org/fast-glob 122ms (cache miss)
152 silly packumentCache full:https://registry.npmjs.org/fast-glob set size:undefined disposed:false
153 http fetch GET 200 https://registry.npmjs.org/zod-validation-error 127ms (cache miss)
154 silly packumentCache full:https://registry.npmjs.org/zod-validation-error set size:undefined disposed:false
155 http fetch GET 200 https://registry.npmjs.org/@babel%2fparser 164ms (cache miss)
156 silly packumentCache full:https://registry.npmjs.org/@babel%2fparser set size:undefined disposed:false
157 http fetch GET 200 https://registry.npmjs.org/@babel%2fcore 248ms (cache miss)
158 silly packumentCache full:https://registry.npmjs.org/@babel%2fcore set size:undefined disposed:false
159 http fetch GET 200 https://registry.npmjs.org/zod 334ms (cache miss)
160 silly packumentCache full:https://registry.npmjs.org/zod set size:undefined disposed:false
161 http fetch GET 200 https://registry.npmjs.org/@typescript-eslint%2futils 611ms (cache miss)
162 silly packumentCache full:https://registry.npmjs.org/@typescript-eslint%2futils set size:undefined disposed:false
163 http fetch GET 200 https://registry.npmjs.org/@typescript-eslint%2ftypescript-estree 812ms (cache miss)
164 silly packumentCache full:https://registry.npmjs.org/@typescript-eslint%2ftypescript-estree set size:undefined disposed:false
165 http fetch GET 200 https://registry.npmjs.org/@typescript-eslint%2fparser 967ms (cache miss)
166 silly packumentCache full:https://registry.npmjs.org/@typescript-eslint%2fparser set size:undefined disposed:false
167 http fetch GET 200 https://registry.npmjs.org/@typescript-eslint%2feslint-plugin 1106ms (cache miss)
168 silly packumentCache full:https://registry.npmjs.org/@typescript-eslint%2feslint-plugin set size:undefined disposed:false
169 silly placeDep ROOT fast-glob@3.3.1 OK for: @next/eslint-plugin-next@16.2.9 want: 3.3.1
170 silly fetch manifest glob-parent@^5.1.2
171 silly packumentCache full:https://registry.npmjs.org/glob-parent cache-miss
172 http fetch GET 200 https://registry.npmjs.org/glob-parent 117ms (cache miss)
173 silly packumentCache full:https://registry.npmjs.org/glob-parent set size:undefined disposed:false
174 silly placeDep ROOT @babel/core@7.29.7 OK for: eslint-plugin-react-hooks@7.1.1 want: ^7.24.4
175 silly placeDep ROOT @babel/parser@7.29.7 OK for: eslint-plugin-react-hooks@7.1.1 want: ^7.24.4
176 silly placeDep ROOT hermes-parser@0.25.1 OK for: eslint-plugin-react-hooks@7.1.1 want: ^0.25.1
177 silly placeDep ROOT zod@4.4.3 OK for: eslint-plugin-react-hooks@7.1.1 want: ^3.25.0 || ^4.0.0
178 silly placeDep ROOT zod-validation-error@4.0.2 OK for: eslint-plugin-react-hooks@7.1.1 want: ^3.5.0 || ^4.0.0
179 silly fetch manifest json5@^2.2.3
180 silly packumentCache full:https://registry.npmjs.org/json5 cache-miss
181 silly fetch manifest semver@^6.3.1
182 silly packumentCache full:https://registry.npmjs.org/semver cache-miss
183 silly fetch manifest gensync@^1.0.0-beta.2
184 silly packumentCache full:https://registry.npmjs.org/gensync cache-miss
185 silly fetch manifest @babel/types@^7.29.7
186 silly packumentCache full:https://registry.npmjs.org/@babel%2ftypes cache-miss
187 silly fetch manifest @babel/parser@^7.29.7
188 silly packumentCache full:https://registry.npmjs.org/@babel%2fparser cache-miss
189 silly fetch manifest @babel/helpers@^7.29.7
190 silly packumentCache full:https://registry.npmjs.org/@babel%2fhelpers cache-miss
191 silly fetch manifest @babel/template@^7.29.7
192 silly packumentCache full:https://registry.npmjs.org/@babel%2ftemplate cache-miss
193 silly fetch manifest @babel/traverse@^7.29.7
194 silly packumentCache full:https://registry.npmjs.org/@babel%2ftraverse cache-miss
195 silly fetch manifest @babel/generator@^7.29.7
196 silly packumentCache full:https://registry.npmjs.org/@babel%2fgenerator cache-miss
197 silly fetch manifest @babel/code-frame@^7.29.7
198 silly packumentCache full:https://registry.npmjs.org/@babel%2fcode-frame cache-miss
199 silly fetch manifest convert-source-map@^2.0.0
200 silly packumentCache full:https://registry.npmjs.org/convert-source-map cache-miss
201 silly fetch manifest @jridgewell/remapping@^2.3.5
202 silly packumentCache full:https://registry.npmjs.org/@jridgewell%2fremapping cache-miss
203 silly fetch manifest @babel/helper-module-transforms@^7.29.7
204 silly packumentCache full:https://registry.npmjs.org/@babel%2fhelper-module-transforms cache-miss
205 silly fetch manifest @babel/helper-compilation-targets@^7.29.7
206 silly packumentCache full:https://registry.npmjs.org/@babel%2fhelper-compilation-targets cache-miss
207 silly fetch manifest @babel/types@^7.29.7
208 silly packumentCache full:https://registry.npmjs.org/@babel%2ftypes cache-miss
209 http cache https://registry.npmjs.org/@babel%2fparser 37ms (cache hit)
210 silly packumentCache full:https://registry.npmjs.org/@babel%2fparser set size:732977 disposed:false
211 silly fetch manifest hermes-estree@0.25.1
212 silly packumentCache full:https://registry.npmjs.org/hermes-estree cache-miss
213 http fetch GET 200 https://registry.npmjs.org/convert-source-map 126ms (cache miss)
214 silly packumentCache full:https://registry.npmjs.org/convert-source-map set size:undefined disposed:false
215 http fetch GET 200 https://registry.npmjs.org/@jridgewell%2fremapping 146ms (cache miss)
216 silly packumentCache full:https://registry.npmjs.org/@jridgewell%2fremapping set size:undefined disposed:false
217 http fetch GET 200 https://registry.npmjs.org/@babel%2fcode-frame 171ms (cache miss)
218 silly packumentCache full:https://registry.npmjs.org/@babel%2fcode-frame set size:undefined disposed:false
219 http fetch GET 200 https://registry.npmjs.org/@babel%2ftemplate 180ms (cache miss)
220 silly packumentCache full:https://registry.npmjs.org/@babel%2ftemplate set size:undefined disposed:false
221 http fetch GET 200 https://registry.npmjs.org/json5 189ms (cache miss)
222 silly packumentCache full:https://registry.npmjs.org/json5 set size:undefined disposed:false
223 http fetch GET 200 https://registry.npmjs.org/gensync 193ms (cache miss)
224 silly packumentCache full:https://registry.npmjs.org/gensync set size:undefined disposed:false
225 http fetch GET 200 https://registry.npmjs.org/@babel%2fhelpers 197ms (cache miss)
226 silly packumentCache full:https://registry.npmjs.org/@babel%2fhelpers set size:undefined disposed:false
227 http fetch GET 200 https://registry.npmjs.org/@babel%2ftraverse 204ms (cache miss)
228 silly packumentCache full:https://registry.npmjs.org/@babel%2ftraverse set size:undefined disposed:false
229 http fetch GET 200 https://registry.npmjs.org/@babel%2fhelper-module-transforms 209ms (cache miss)
230 silly packumentCache full:https://registry.npmjs.org/@babel%2fhelper-module-transforms set size:undefined disposed:false
231 http fetch GET 200 https://registry.npmjs.org/semver 216ms (cache miss)
232 silly packumentCache full:https://registry.npmjs.org/semver set size:undefined disposed:false
233 http fetch GET 200 https://registry.npmjs.org/@babel%2fhelper-compilation-targets 219ms (cache miss)
234 silly packumentCache full:https://registry.npmjs.org/@babel%2fhelper-compilation-targets set size:undefined disposed:false
235 http fetch GET 200 https://registry.npmjs.org/@babel%2fgenerator 226ms (cache miss)
236 silly packumentCache full:https://registry.npmjs.org/@babel%2fgenerator set size:undefined disposed:false
237 http fetch GET 200 https://registry.npmjs.org/@babel%2ftypes 237ms (cache miss)
238 silly packumentCache full:https://registry.npmjs.org/@babel%2ftypes set size:undefined disposed:false
239 http fetch GET 200 https://registry.npmjs.org/@babel%2ftypes 239ms (cache miss)
240 silly packumentCache full:https://registry.npmjs.org/@babel%2ftypes set size:undefined disposed:false
241 http fetch GET 200 https://registry.npmjs.org/hermes-estree 926ms (cache miss)
242 silly packumentCache full:https://registry.npmjs.org/hermes-estree set size:undefined disposed:false
243 silly fetch manifest @babel/core@^7.0.0
244 silly packumentCache full:https://registry.npmjs.org/@babel%2fcore cache-miss
245 http cache https://registry.npmjs.org/@babel%2fcore 21ms (cache hit)
246 silly packumentCache full:https://registry.npmjs.org/@babel%2fcore set size:783942 disposed:false
247 silly placeDep ROOT @babel/code-frame@7.29.7 OK for: @babel/core@7.29.7 want: ^7.29.7
248 silly placeDep ROOT @babel/generator@7.29.7 OK for: @babel/core@7.29.7 want: ^7.29.7
249 silly placeDep ROOT @babel/helper-compilation-targets@7.29.7 OK for: @babel/core@7.29.7 want: ^7.29.7
250 silly placeDep ROOT @babel/helper-module-transforms@7.29.7 OK for: @babel/core@7.29.7 want: ^7.29.7
251 silly placeDep ROOT @babel/helpers@7.29.7 OK for: @babel/core@7.29.7 want: ^7.29.7
252 silly placeDep ROOT @babel/template@7.29.7 OK for: @babel/core@7.29.7 want: ^7.29.7
253 silly placeDep ROOT @babel/traverse@7.29.7 OK for: @babel/core@7.29.7 want: ^7.29.7
254 silly placeDep ROOT @babel/types@7.29.7 OK for: @babel/core@7.29.7 want: ^7.29.7
255 silly placeDep ROOT @jridgewell/remapping@2.3.5 OK for: @babel/core@7.29.7 want: ^2.3.5
256 silly placeDep ROOT convert-source-map@2.0.0 OK for: @babel/core@7.29.7 want: ^2.0.0
257 silly placeDep ROOT gensync@1.0.0-beta.2 OK for: @babel/core@7.29.7 want: ^1.0.0-beta.2
258 silly placeDep node_modules/@babel/core json5@2.2.3 OK for: @babel/core@7.29.7 want: ^2.2.3
259 silly placeDep node_modules/@babel/core semver@6.3.1 OK for: @babel/core@7.29.7 want: ^6.3.1
260 silly fetch manifest @babel/helper-validator-identifier@^7.29.7
261 silly packumentCache full:https://registry.npmjs.org/@babel%2fhelper-validator-identifier cache-miss
262 silly fetch manifest jsesc@^3.0.2
263 silly packumentCache full:https://registry.npmjs.org/jsesc cache-miss
264 silly fetch manifest lru-cache@^5.1.1
265 silly packumentCache full:https://registry.npmjs.org/lru-cache cache-miss
266 silly fetch manifest @babel/compat-data@^7.29.7
267 silly packumentCache full:https://registry.npmjs.org/@babel%2fcompat-data cache-miss
268 silly fetch manifest @babel/helper-validator-option@^7.29.7
269 silly packumentCache full:https://registry.npmjs.org/@babel%2fhelper-validator-option cache-miss
270 silly fetch manifest @babel/helper-module-imports@^7.29.7
271 silly packumentCache full:https://registry.npmjs.org/@babel%2fhelper-module-imports cache-miss
272 silly fetch manifest @babel/helper-validator-identifier@^7.29.7
273 silly packumentCache full:https://registry.npmjs.org/@babel%2fhelper-validator-identifier cache-miss
274 silly fetch manifest @babel/helper-globals@^7.29.7
275 silly packumentCache full:https://registry.npmjs.org/@babel%2fhelper-globals cache-miss
276 silly fetch manifest @babel/helper-string-parser@^7.29.7
277 silly packumentCache full:https://registry.npmjs.org/@babel%2fhelper-string-parser cache-miss
278 silly fetch manifest @babel/helper-validator-identifier@^7.29.7
279 silly packumentCache full:https://registry.npmjs.org/@babel%2fhelper-validator-identifier cache-miss
280 http fetch GET 200 https://registry.npmjs.org/jsesc 106ms (cache miss)
281 silly packumentCache full:https://registry.npmjs.org/jsesc set size:undefined disposed:false
282 http fetch GET 200 https://registry.npmjs.org/@babel%2fhelper-validator-identifier 140ms (cache miss)
283 silly packumentCache full:https://registry.npmjs.org/@babel%2fhelper-validator-identifier set size:undefined disposed:false
284 http fetch GET 200 https://registry.npmjs.org/@babel%2fhelper-validator-identifier 141ms (cache miss)
285 silly packumentCache full:https://registry.npmjs.org/@babel%2fhelper-validator-identifier set size:undefined disposed:false
286 http fetch GET 200 https://registry.npmjs.org/@babel%2fhelper-string-parser 142ms (cache miss)
287 silly packumentCache full:https://registry.npmjs.org/@babel%2fhelper-string-parser set size:undefined disposed:false
288 http fetch GET 200 https://registry.npmjs.org/@babel%2fhelper-validator-option 148ms (cache miss)
289 silly packumentCache full:https://registry.npmjs.org/@babel%2fhelper-validator-option set size:undefined disposed:false
290 http fetch GET 200 https://registry.npmjs.org/@babel%2fhelper-globals 154ms (cache miss)
291 silly packumentCache full:https://registry.npmjs.org/@babel%2fhelper-globals set size:undefined disposed:false
292 http fetch GET 200 https://registry.npmjs.org/@babel%2fhelper-module-imports 158ms (cache miss)
293 silly packumentCache full:https://registry.npmjs.org/@babel%2fhelper-module-imports set size:undefined disposed:false
294 http fetch GET 200 https://registry.npmjs.org/@babel%2fcompat-data 167ms (cache miss)
295 silly packumentCache full:https://registry.npmjs.org/@babel%2fcompat-data set size:undefined disposed:false
296 http fetch GET 200 https://registry.npmjs.org/lru-cache 188ms (cache miss)
297 silly packumentCache full:https://registry.npmjs.org/lru-cache set size:undefined disposed:false
298 http fetch GET 200 https://registry.npmjs.org/@babel%2fhelper-validator-identifier 526ms (cache miss)
299 silly packumentCache full:https://registry.npmjs.org/@babel%2fhelper-validator-identifier set size:undefined disposed:false
300 silly placeDep ROOT @babel/helper-validator-identifier@7.29.7 OK for: @babel/code-frame@7.29.7 want: ^7.29.7
301 silly placeDep ROOT jsesc@3.1.0 OK for: @babel/generator@7.29.7 want: ^3.0.2
302 silly placeDep ROOT @babel/compat-data@7.29.7 OK for: @babel/helper-compilation-targets@7.29.7 want: ^7.29.7
303 silly placeDep ROOT @babel/helper-validator-option@7.29.7 OK for: @babel/helper-compilation-targets@7.29.7 want: ^7.29.7
304 silly placeDep ROOT lru-cache@5.1.1 OK for: @babel/helper-compilation-targets@7.29.7 want: ^5.1.1
305 silly placeDep node_modules/@babel/helper-compilation-targets semver@6.3.1 OK for: @babel/helper-compilation-targets@7.29.7 want: ^6.3.1
306 silly fetch manifest yallist@^3.0.2
307 silly packumentCache full:https://registry.npmjs.org/yallist cache-miss
308 http fetch GET 200 https://registry.npmjs.org/yallist 89ms (cache miss)
309 silly packumentCache full:https://registry.npmjs.org/yallist set size:undefined disposed:false
310 silly placeDep ROOT @babel/helper-module-imports@7.29.7 OK for: @babel/helper-module-transforms@7.29.7 want: ^7.29.7
311 silly placeDep ROOT @babel/helper-globals@7.29.7 OK for: @babel/traverse@7.29.7 want: ^7.29.7
312 silly placeDep ROOT @babel/helper-string-parser@7.29.7 OK for: @babel/types@7.29.7 want: ^7.29.7
313 silly placeDep node_modules/fast-glob glob-parent@5.1.2 OK for: fast-glob@3.3.1 want: ^5.1.2
314 silly placeDep ROOT hermes-estree@0.25.1 OK for: hermes-parser@0.25.1 want: 0.25.1
315 silly placeDep ROOT yallist@3.1.1 OK for: lru-cache@5.1.1 want: ^3.0.2
316 silly placeDep ROOT @next/env@16.2.9 OK for: next@16.2.9 want: 16.2.9
317 silly placeDep ROOT @next/swc-darwin-arm64@16.2.9 OK for: next@16.2.9 want: 16.2.9
318 silly placeDep ROOT @next/swc-darwin-x64@16.2.9 OK for: next@16.2.9 want: 16.2.9
319 silly placeDep ROOT @next/swc-linux-arm64-gnu@16.2.9 OK for: next@16.2.9 want: 16.2.9
320 silly placeDep ROOT @next/swc-linux-arm64-musl@16.2.9 OK for: next@16.2.9 want: 16.2.9
321 silly placeDep ROOT @next/swc-linux-x64-gnu@16.2.9 OK for: next@16.2.9 want: 16.2.9
322 silly placeDep ROOT @next/swc-linux-x64-musl@16.2.9 OK for: next@16.2.9 want: 16.2.9
323 silly placeDep ROOT @next/swc-win32-arm64-msvc@16.2.9 OK for: next@16.2.9 want: 16.2.9
324 silly placeDep ROOT @next/swc-win32-x64-msvc@16.2.9 OK for: next@16.2.9 want: 16.2.9
325 silly placeDep node_modules/next sharp@0.34.5 OK for: next@16.2.9 want: ^0.34.5
326 silly fetch manifest @img/sharp-wasm32@0.34.5
327 silly packumentCache full:https://registry.npmjs.org/@img%2fsharp-wasm32 cache-miss
328 silly fetch manifest @img/sharp-linux-arm@0.34.5
329 silly packumentCache full:https://registry.npmjs.org/@img%2fsharp-linux-arm cache-miss
330 silly fetch manifest @img/sharp-linux-x64@0.34.5
331 silly packumentCache full:https://registry.npmjs.org/@img%2fsharp-linux-x64 cache-miss
332 silly fetch manifest @img/sharp-win32-x64@0.34.5
333 silly packumentCache full:https://registry.npmjs.org/@img%2fsharp-win32-x64 cache-miss
334 silly fetch manifest @img/sharp-darwin-x64@0.34.5
335 silly packumentCache full:https://registry.npmjs.org/@img%2fsharp-darwin-x64 cache-miss
336 silly fetch manifest @img/sharp-win32-ia32@0.34.5
337 silly packumentCache full:https://registry.npmjs.org/@img%2fsharp-win32-ia32 cache-miss
338 silly fetch manifest @img/sharp-linux-arm64@0.34.5
339 silly packumentCache full:https://registry.npmjs.org/@img%2fsharp-linux-arm64 cache-miss
340 silly fetch manifest @img/sharp-linux-ppc64@0.34.5
341 silly packumentCache full:https://registry.npmjs.org/@img%2fsharp-linux-ppc64 cache-miss
342 silly fetch manifest @img/sharp-linux-s390x@0.34.5
343 silly packumentCache full:https://registry.npmjs.org/@img%2fsharp-linux-s390x cache-miss
344 silly fetch manifest @img/sharp-win32-arm64@0.34.5
345 silly packumentCache full:https://registry.npmjs.org/@img%2fsharp-win32-arm64 cache-miss
346 silly fetch manifest @img/sharp-darwin-arm64@0.34.5
347 silly packumentCache full:https://registry.npmjs.org/@img%2fsharp-darwin-arm64 cache-miss
348 silly fetch manifest @img/sharp-linux-riscv64@0.34.5
349 silly packumentCache full:https://registry.npmjs.org/@img%2fsharp-linux-riscv64 cache-miss
350 silly fetch manifest @img/sharp-linuxmusl-x64@0.34.5
351 silly packumentCache full:https://registry.npmjs.org/@img%2fsharp-linuxmusl-x64 cache-miss
352 silly fetch manifest @img/sharp-linuxmusl-arm64@0.34.5
353 silly packumentCache full:https://registry.npmjs.org/@img%2fsharp-linuxmusl-arm64 cache-miss
354 silly fetch manifest @img/sharp-libvips-linux-arm@1.2.4
355 silly packumentCache full:https://registry.npmjs.org/@img%2fsharp-libvips-linux-arm cache-miss
356 http fetch GET 200 https://registry.npmjs.org/@img%2fsharp-darwin-x64 136ms (cache miss)
357 silly packumentCache full:https://registry.npmjs.org/@img%2fsharp-darwin-x64 set size:undefined disposed:false
358 silly fetch manifest @img/sharp-libvips-linux-x64@1.2.4
359 silly packumentCache full:https://registry.npmjs.org/@img%2fsharp-libvips-linux-x64 cache-miss
360 http fetch GET 200 https://registry.npmjs.org/@img%2fsharp-linux-ppc64 152ms (cache miss)
361 silly packumentCache full:https://registry.npmjs.org/@img%2fsharp-linux-ppc64 set size:undefined disposed:false
362 silly fetch manifest @img/sharp-libvips-darwin-x64@1.2.4
363 silly packumentCache full:https://registry.npmjs.org/@img%2fsharp-libvips-darwin-x64 cache-miss
364 http fetch GET 200 https://registry.npmjs.org/@img%2fsharp-win32-ia32 157ms (cache miss)
365 silly packumentCache full:https://registry.npmjs.org/@img%2fsharp-win32-ia32 set size:undefined disposed:false
366 silly fetch manifest @img/sharp-libvips-linux-arm64@1.2.4
367 silly packumentCache full:https://registry.npmjs.org/@img%2fsharp-libvips-linux-arm64 cache-miss
368 http fetch GET 200 https://registry.npmjs.org/@img%2fsharp-win32-arm64 159ms (cache miss)
369 silly packumentCache full:https://registry.npmjs.org/@img%2fsharp-win32-arm64 set size:undefined disposed:false
370 silly fetch manifest @img/sharp-libvips-linux-ppc64@1.2.4
371 silly packumentCache full:https://registry.npmjs.org/@img%2fsharp-libvips-linux-ppc64 cache-miss
372 http fetch GET 200 https://registry.npmjs.org/@img%2fsharp-libvips-linux-arm 161ms (cache miss)
373 silly packumentCache full:https://registry.npmjs.org/@img%2fsharp-libvips-linux-arm set size:undefined disposed:false
374 silly fetch manifest @img/sharp-libvips-linux-s390x@1.2.4
375 silly packumentCache full:https://registry.npmjs.org/@img%2fsharp-libvips-linux-s390x cache-miss
376 http fetch GET 200 https://registry.npmjs.org/@img%2fsharp-darwin-arm64 168ms (cache miss)
377 silly packumentCache full:https://registry.npmjs.org/@img%2fsharp-darwin-arm64 set size:undefined disposed:false
378 silly fetch manifest @img/sharp-libvips-darwin-arm64@1.2.4
379 silly packumentCache full:https://registry.npmjs.org/@img%2fsharp-libvips-darwin-arm64 cache-miss
380 http fetch GET 200 https://registry.npmjs.org/@img%2fsharp-linux-arm64 174ms (cache miss)
381 silly packumentCache full:https://registry.npmjs.org/@img%2fsharp-linux-arm64 set size:undefined disposed:false
382 silly fetch manifest @img/sharp-libvips-linux-riscv64@1.2.4
383 silly packumentCache full:https://registry.npmjs.org/@img%2fsharp-libvips-linux-riscv64 cache-miss
384 http fetch GET 200 https://registry.npmjs.org/@img%2fsharp-linux-s390x 176ms (cache miss)
385 silly packumentCache full:https://registry.npmjs.org/@img%2fsharp-linux-s390x set size:undefined disposed:false
386 silly fetch manifest @img/sharp-libvips-linuxmusl-x64@1.2.4
387 silly packumentCache full:https://registry.npmjs.org/@img%2fsharp-libvips-linuxmusl-x64 cache-miss
388 http fetch GET 200 https://registry.npmjs.org/@img%2fsharp-wasm32 182ms (cache miss)
389 silly packumentCache full:https://registry.npmjs.org/@img%2fsharp-wasm32 set size:undefined disposed:false
390 silly fetch manifest @img/sharp-libvips-linuxmusl-arm64@1.2.4
391 silly packumentCache full:https://registry.npmjs.org/@img%2fsharp-libvips-linuxmusl-arm64 cache-miss
392 http fetch GET 200 https://registry.npmjs.org/@img%2fsharp-linuxmusl-x64 184ms (cache miss)
393 silly packumentCache full:https://registry.npmjs.org/@img%2fsharp-linuxmusl-x64 set size:undefined disposed:false
394 http fetch GET 200 https://registry.npmjs.org/@img%2fsharp-linux-arm 191ms (cache miss)
395 silly packumentCache full:https://registry.npmjs.org/@img%2fsharp-linux-arm set size:undefined disposed:false
396 http fetch GET 200 https://registry.npmjs.org/@img%2fsharp-win32-x64 222ms (cache miss)
397 silly packumentCache full:https://registry.npmjs.org/@img%2fsharp-win32-x64 set size:undefined disposed:false
398 http fetch GET 200 https://registry.npmjs.org/@img%2fsharp-libvips-linux-x64 101ms (cache miss)
399 silly packumentCache full:https://registry.npmjs.org/@img%2fsharp-libvips-linux-x64 set size:undefined disposed:false
400 http fetch GET 200 https://registry.npmjs.org/@img%2fsharp-libvips-linux-arm64 97ms (cache miss)
401 silly packumentCache full:https://registry.npmjs.org/@img%2fsharp-libvips-linux-arm64 set size:undefined disposed:false
402 http fetch GET 200 https://registry.npmjs.org/@img%2fsharp-libvips-darwin-x64 104ms (cache miss)
403 silly packumentCache full:https://registry.npmjs.org/@img%2fsharp-libvips-darwin-x64 set size:undefined disposed:false
404 http fetch GET 200 https://registry.npmjs.org/@img%2fsharp-libvips-linux-ppc64 104ms (cache miss)
405 silly packumentCache full:https://registry.npmjs.org/@img%2fsharp-libvips-linux-ppc64 set size:undefined disposed:false
406 http fetch GET 200 https://registry.npmjs.org/@img%2fsharp-libvips-darwin-arm64 108ms (cache miss)
407 silly packumentCache full:https://registry.npmjs.org/@img%2fsharp-libvips-darwin-arm64 set size:undefined disposed:false
408 http fetch GET 200 https://registry.npmjs.org/@img%2fsharp-libvips-linux-s390x 112ms (cache miss)
409 silly packumentCache full:https://registry.npmjs.org/@img%2fsharp-libvips-linux-s390x set size:undefined disposed:false
410 http fetch GET 200 https://registry.npmjs.org/@img%2fsharp-libvips-linux-riscv64 108ms (cache miss)
411 silly packumentCache full:https://registry.npmjs.org/@img%2fsharp-libvips-linux-riscv64 set size:undefined disposed:false
412 http fetch GET 200 https://registry.npmjs.org/@img%2fsharp-libvips-linuxmusl-x64 107ms (cache miss)
413 silly packumentCache full:https://registry.npmjs.org/@img%2fsharp-libvips-linuxmusl-x64 set size:undefined disposed:false
414 http fetch GET 200 https://registry.npmjs.org/@img%2fsharp-linux-riscv64 289ms (cache miss)
415 silly packumentCache full:https://registry.npmjs.org/@img%2fsharp-linux-riscv64 set size:undefined disposed:false
416 http fetch GET 200 https://registry.npmjs.org/@img%2fsharp-libvips-linuxmusl-arm64 122ms (cache miss)
417 silly packumentCache full:https://registry.npmjs.org/@img%2fsharp-libvips-linuxmusl-arm64 set size:undefined disposed:false
418 http fetch GET 200 https://registry.npmjs.org/@img%2fsharp-linux-x64 416ms (cache miss)
419 silly packumentCache full:https://registry.npmjs.org/@img%2fsharp-linux-x64 set size:undefined disposed:false
420 http fetch GET 200 https://registry.npmjs.org/@img%2fsharp-linuxmusl-arm64 600ms (cache miss)
421 silly packumentCache full:https://registry.npmjs.org/@img%2fsharp-linuxmusl-arm64 set size:undefined disposed:false
422 silly fetch manifest eslint@^8.57.0 || ^9.0.0 || ^10.0.0
423 silly packumentCache full:https://registry.npmjs.org/eslint cache-miss
424 http cache https://registry.npmjs.org/eslint 24ms (cache hit)
425 silly packumentCache full:https://registry.npmjs.org/eslint set size:2011545 disposed:false
426 silly fetch manifest typescript@>=4.8.4 <6.1.0
427 silly packumentCache full:https://registry.npmjs.org/typescript cache-miss
428 http cache https://registry.npmjs.org/typescript 57ms (cache hit)
429 silly packumentCache full:https://registry.npmjs.org/typescript set size:15409943 disposed:false
430 silly placeDep ROOT @typescript-eslint/eslint-plugin@8.61.1 OK for: typescript-eslint@8.61.1 want: 8.61.1
431 silly placeDep ROOT @typescript-eslint/parser@8.61.1 OK for: @typescript-eslint/eslint-plugin@8.61.1 want: ^8.61.1
432 silly placeDep ROOT @typescript-eslint/typescript-estree@8.61.1 OK for: typescript-eslint@8.61.1 want: 8.61.1
433 silly placeDep ROOT @typescript-eslint/utils@8.61.1 OK for: typescript-eslint@8.61.1 want: 8.61.1
434 silly fetch manifest ignore@^7.0.5
435 silly packumentCache full:https://registry.npmjs.org/ignore cache-miss
436 silly fetch manifest ts-api-utils@^2.5.0
437 silly packumentCache full:https://registry.npmjs.org/ts-api-utils cache-miss
438 silly fetch manifest @typescript-eslint/type-utils@8.61.1
439 silly packumentCache full:https://registry.npmjs.org/@typescript-eslint%2ftype-utils cache-miss
440 silly fetch manifest @typescript-eslint/visitor-keys@8.61.1
441 silly packumentCache full:https://registry.npmjs.org/@typescript-eslint%2fvisitor-keys cache-miss
442 silly fetch manifest @typescript-eslint/scope-manager@8.61.1
443 silly packumentCache full:https://registry.npmjs.org/@typescript-eslint%2fscope-manager cache-miss
444 silly fetch manifest @typescript-eslint/types@8.61.1
445 silly packumentCache full:https://registry.npmjs.org/@typescript-eslint%2ftypes cache-miss
446 silly fetch manifest @typescript-eslint/visitor-keys@8.61.1
447 silly packumentCache full:https://registry.npmjs.org/@typescript-eslint%2fvisitor-keys cache-miss
448 silly fetch manifest @typescript-eslint/scope-manager@8.61.1
449 silly packumentCache full:https://registry.npmjs.org/@typescript-eslint%2fscope-manager cache-miss
450 silly fetch manifest minimatch@^10.2.2
451 silly packumentCache full:https://registry.npmjs.org/minimatch cache-miss
452 silly fetch manifest ts-api-utils@^2.5.0
453 silly packumentCache full:https://registry.npmjs.org/ts-api-utils cache-miss
454 silly fetch manifest @typescript-eslint/types@8.61.1
455 silly packumentCache full:https://registry.npmjs.org/@typescript-eslint%2ftypes cache-miss
456 silly fetch manifest @typescript-eslint/visitor-keys@8.61.1
457 silly packumentCache full:https://registry.npmjs.org/@typescript-eslint%2fvisitor-keys cache-miss
458 silly fetch manifest @typescript-eslint/tsconfig-utils@8.61.1
459 silly packumentCache full:https://registry.npmjs.org/@typescript-eslint%2ftsconfig-utils cache-miss
460 silly fetch manifest @typescript-eslint/project-service@8.61.1
461 silly packumentCache full:https://registry.npmjs.org/@typescript-eslint%2fproject-service cache-miss
462 silly fetch manifest @typescript-eslint/types@8.61.1
463 silly packumentCache full:https://registry.npmjs.org/@typescript-eslint%2ftypes cache-miss
464 http fetch GET 200 https://registry.npmjs.org/ts-api-utils 140ms (cache miss)
465 silly packumentCache full:https://registry.npmjs.org/ts-api-utils set size:undefined disposed:false
466 silly fetch manifest @typescript-eslint/scope-manager@8.61.1
467 silly packumentCache full:https://registry.npmjs.org/@typescript-eslint%2fscope-manager cache-miss
468 http fetch GET 200 https://registry.npmjs.org/minimatch 163ms (cache miss)
469 silly packumentCache full:https://registry.npmjs.org/minimatch set size:undefined disposed:false
470 http fetch GET 200 https://registry.npmjs.org/ts-api-utils 173ms (cache miss)
471 silly packumentCache full:https://registry.npmjs.org/ts-api-utils set size:undefined disposed:false
472 http fetch GET 200 https://registry.npmjs.org/ignore 189ms (cache miss)
473 silly packumentCache full:https://registry.npmjs.org/ignore set size:undefined disposed:false
474 http fetch GET 200 https://registry.npmjs.org/@typescript-eslint%2ftsconfig-utils 312ms (cache miss)
475 silly packumentCache full:https://registry.npmjs.org/@typescript-eslint%2ftsconfig-utils set size:undefined disposed:false
476 http fetch GET 200 https://registry.npmjs.org/@typescript-eslint%2fvisitor-keys 626ms (cache miss)
477 silly packumentCache full:https://registry.npmjs.org/@typescript-eslint%2fvisitor-keys set size:undefined disposed:false
478 http fetch GET 200 https://registry.npmjs.org/@typescript-eslint%2ftypes 852ms (cache miss)
479 silly packumentCache full:https://registry.npmjs.org/@typescript-eslint%2ftypes set size:undefined disposed:false
480 http fetch GET 200 https://registry.npmjs.org/@typescript-eslint%2fproject-service 1010ms (cache miss)
481 silly packumentCache full:https://registry.npmjs.org/@typescript-eslint%2fproject-service set size:undefined disposed:false
482 http fetch GET 200 https://registry.npmjs.org/@typescript-eslint%2fvisitor-keys 1181ms (cache miss)
483 silly packumentCache full:https://registry.npmjs.org/@typescript-eslint%2fvisitor-keys set size:undefined disposed:false
484 http fetch GET 200 https://registry.npmjs.org/@typescript-eslint%2fscope-manager 1357ms (cache miss)
485 silly packumentCache full:https://registry.npmjs.org/@typescript-eslint%2fscope-manager set size:undefined disposed:false
486 http fetch GET 200 https://registry.npmjs.org/@typescript-eslint%2ftypes 1496ms (cache miss)
487 silly packumentCache full:https://registry.npmjs.org/@typescript-eslint%2ftypes set size:undefined disposed:false
488 http fetch GET 200 https://registry.npmjs.org/@typescript-eslint%2fscope-manager 1675ms (cache miss)
489 silly packumentCache full:https://registry.npmjs.org/@typescript-eslint%2fscope-manager set size:undefined disposed:false
490 http fetch GET 200 https://registry.npmjs.org/@typescript-eslint%2fscope-manager 1668ms (cache miss)
491 silly packumentCache full:https://registry.npmjs.org/@typescript-eslint%2fscope-manager set size:undefined disposed:false
492 http fetch GET 200 https://registry.npmjs.org/@typescript-eslint%2ftypes 1958ms (cache miss)
493 silly packumentCache full:https://registry.npmjs.org/@typescript-eslint%2ftypes set size:undefined disposed:false
494 http fetch GET 200 https://registry.npmjs.org/@typescript-eslint%2fvisitor-keys 2093ms (cache miss)
495 silly packumentCache full:https://registry.npmjs.org/@typescript-eslint%2fvisitor-keys set size:undefined disposed:false
496 http fetch GET 200 https://registry.npmjs.org/@typescript-eslint%2ftype-utils 2208ms (cache miss)
497 silly packumentCache full:https://registry.npmjs.org/@typescript-eslint%2ftype-utils set size:undefined disposed:false
498 silly placeDep ROOT @typescript-eslint/scope-manager@8.61.1 OK for: @typescript-eslint/eslint-plugin@8.61.1 want: 8.61.1
499 silly placeDep ROOT @typescript-eslint/type-utils@8.61.1 OK for: @typescript-eslint/eslint-plugin@8.61.1 want: 8.61.1
500 silly placeDep ROOT @typescript-eslint/visitor-keys@8.61.1 OK for: @typescript-eslint/eslint-plugin@8.61.1 want: 8.61.1
501 silly placeDep node_modules/@typescript-eslint/eslint-plugin ignore@7.0.5 OK for: @typescript-eslint/eslint-plugin@8.61.1 want: ^7.0.5
502 silly placeDep ROOT ts-api-utils@2.5.0 OK for: @typescript-eslint/eslint-plugin@8.61.1 want: ^2.5.0
503 silly fetch manifest eslint-visitor-keys@^5.0.0
504 silly packumentCache full:https://registry.npmjs.org/eslint-visitor-keys cache-miss
505 http fetch GET 200 https://registry.npmjs.org/eslint-visitor-keys 111ms (cache miss)
506 silly packumentCache full:https://registry.npmjs.org/eslint-visitor-keys set size:undefined disposed:false
507 silly placeDep ROOT @typescript-eslint/types@8.61.1 OK for: @typescript-eslint/parser@8.61.1 want: 8.61.1
508 silly placeDep ROOT @typescript-eslint/project-service@8.61.1 OK for: @typescript-eslint/typescript-estree@8.61.1 want: 8.61.1
509 silly placeDep ROOT @typescript-eslint/tsconfig-utils@8.61.1 OK for: @typescript-eslint/typescript-estree@8.61.1 want: 8.61.1
510 silly placeDep node_modules/@typescript-eslint/typescript-estree minimatch@10.2.5 OK for: @typescript-eslint/typescript-estree@8.61.1 want: ^10.2.2
511 silly fetch manifest @typescript-eslint/tsconfig-utils@^8.61.1
512 silly packumentCache full:https://registry.npmjs.org/@typescript-eslint%2ftsconfig-utils cache-miss
513 silly fetch manifest brace-expansion@^5.0.5
514 silly packumentCache full:https://registry.npmjs.org/brace-expansion cache-miss
515 http cache https://registry.npmjs.org/@typescript-eslint%2ftsconfig-utils 13ms (cache hit)
516 silly packumentCache full:https://registry.npmjs.org/@typescript-eslint%2ftsconfig-utils set size:1360813 disposed:false
517 http fetch GET 200 https://registry.npmjs.org/brace-expansion 129ms (cache miss)
518 silly packumentCache full:https://registry.npmjs.org/brace-expansion set size:undefined disposed:false
519 silly placeDep node_modules/@typescript-eslint/visitor-keys eslint-visitor-keys@5.0.1 OK for: @typescript-eslint/visitor-keys@8.61.1 want: ^5.0.0
520 silly placeDep node_modules/@typescript-eslint/typescript-estree brace-expansion@5.0.6 OK for: minimatch@10.2.5 want: ^5.0.5
521 silly fetch manifest balanced-match@^4.0.2
522 silly packumentCache full:https://registry.npmjs.org/balanced-match cache-miss
523 http fetch GET 200 https://registry.npmjs.org/balanced-match 141ms (cache miss)
524 silly packumentCache full:https://registry.npmjs.org/balanced-match set size:undefined disposed:false
525 silly placeDep node_modules/@typescript-eslint/typescript-estree balanced-match@4.0.4 OK for: brace-expansion@5.0.6 want: ^4.0.2
526 silly placeDep node_modules/next @img/sharp-darwin-arm64@0.34.5 OK for: sharp@0.34.5 want: 0.34.5
527 silly placeDep node_modules/next @img/sharp-darwin-x64@0.34.5 OK for: sharp@0.34.5 want: 0.34.5
528 silly placeDep node_modules/next @img/sharp-libvips-darwin-arm64@1.2.4 OK for: sharp@0.34.5 want: 1.2.4
529 silly placeDep node_modules/next @img/sharp-libvips-darwin-x64@1.2.4 OK for: sharp@0.34.5 want: 1.2.4
530 silly placeDep node_modules/next @img/sharp-libvips-linux-arm@1.2.4 OK for: sharp@0.34.5 want: 1.2.4
531 silly placeDep node_modules/next @img/sharp-libvips-linux-arm64@1.2.4 OK for: sharp@0.34.5 want: 1.2.4
532 silly placeDep node_modules/next @img/sharp-libvips-linux-ppc64@1.2.4 OK for: sharp@0.34.5 want: 1.2.4
533 silly placeDep node_modules/next @img/sharp-libvips-linux-riscv64@1.2.4 OK for: sharp@0.34.5 want: 1.2.4
534 silly placeDep node_modules/next @img/sharp-libvips-linux-s390x@1.2.4 OK for: sharp@0.34.5 want: 1.2.4
535 silly placeDep node_modules/next @img/sharp-libvips-linux-x64@1.2.4 OK for: sharp@0.34.5 want: 1.2.4
536 silly placeDep node_modules/next @img/sharp-libvips-linuxmusl-arm64@1.2.4 OK for: sharp@0.34.5 want: 1.2.4
537 silly placeDep node_modules/next @img/sharp-libvips-linuxmusl-x64@1.2.4 OK for: sharp@0.34.5 want: 1.2.4
538 silly placeDep node_modules/next @img/sharp-linux-arm@0.34.5 OK for: sharp@0.34.5 want: 0.34.5
539 silly placeDep node_modules/next @img/sharp-linux-arm64@0.34.5 OK for: sharp@0.34.5 want: 0.34.5
540 silly placeDep node_modules/next @img/sharp-linux-ppc64@0.34.5 OK for: sharp@0.34.5 want: 0.34.5
541 silly placeDep node_modules/next @img/sharp-linux-riscv64@0.34.5 OK for: sharp@0.34.5 want: 0.34.5
542 silly placeDep node_modules/next @img/sharp-linux-s390x@0.34.5 OK for: sharp@0.34.5 want: 0.34.5
543 silly placeDep node_modules/next @img/sharp-linux-x64@0.34.5 OK for: sharp@0.34.5 want: 0.34.5
544 silly placeDep node_modules/next @img/sharp-linuxmusl-arm64@0.34.5 OK for: sharp@0.34.5 want: 0.34.5
545 silly placeDep node_modules/next @img/sharp-linuxmusl-x64@0.34.5 OK for: sharp@0.34.5 want: 0.34.5
546 silly placeDep node_modules/next @img/sharp-wasm32@0.34.5 OK for: sharp@0.34.5 want: 0.34.5
547 silly placeDep node_modules/next @img/sharp-win32-arm64@0.34.5 OK for: sharp@0.34.5 want: 0.34.5
548 silly placeDep node_modules/next @img/sharp-win32-ia32@0.34.5 OK for: sharp@0.34.5 want: 0.34.5
549 silly placeDep node_modules/next @img/sharp-win32-x64@0.34.5 OK for: sharp@0.34.5 want: 0.34.5
550 silly reify moves {}
551 silly audit bulk request {
551 silly audit   '@alloc/quick-lru': [ '5.2.0' ],
551 silly audit   '@emnapi/core': [ '1.10.0' ],
551 silly audit   '@emnapi/runtime': [ '1.11.0', '1.10.0' ],
551 silly audit   '@emnapi/wasi-threads': [ '1.2.1' ],
551 silly audit   '@eslint-community/eslint-utils': [ '4.9.1' ],
551 silly audit   'eslint-visitor-keys': [ '3.4.3', '4.2.1', '5.0.1' ],
551 silly audit   '@eslint-community/regexpp': [ '4.12.2' ],
551 silly audit   '@eslint/config-array': [ '0.21.2' ],
551 silly audit   '@eslint/config-helpers': [ '0.4.2' ],
551 silly audit   '@eslint/core': [ '0.17.0' ],
551 silly audit   '@eslint/eslintrc': [ '3.3.5' ],
551 silly audit   '@eslint/js': [ '9.39.4' ],
551 silly audit   '@eslint/object-schema': [ '2.1.7' ],
551 silly audit   '@eslint/plugin-kit': [ '0.4.1' ],
551 silly audit   '@humanfs/core': [ '0.19.2' ],
551 silly audit   '@humanfs/node': [ '0.16.8' ],
551 silly audit   '@humanfs/types': [ '0.15.0' ],
551 silly audit   '@humanwhocodes/module-importer': [ '1.0.1' ],
551 silly audit   '@humanwhocodes/retry': [ '0.4.3' ],
551 silly audit   '@img/colour': [ '1.1.0' ],
551 silly audit   '@img/sharp-darwin-arm64': [ '0.35.1', '0.34.5' ],
551 silly audit   '@img/sharp-darwin-x64': [ '0.35.1', '0.34.5' ],
551 silly audit   '@img/sharp-freebsd-wasm32': [ '0.35.1' ],
551 silly audit   '@img/sharp-libvips-darwin-arm64': [ '1.3.0', '1.2.4' ],
551 silly audit   '@img/sharp-libvips-darwin-x64': [ '1.3.0', '1.2.4' ],
551 silly audit   '@img/sharp-libvips-linux-arm': [ '1.3.0', '1.2.4' ],
551 silly audit   '@img/sharp-libvips-linux-arm64': [ '1.3.0', '1.2.4' ],
551 silly audit   '@img/sharp-libvips-linux-ppc64': [ '1.3.0', '1.2.4' ],
551 silly audit   '@img/sharp-libvips-linux-riscv64': [ '1.3.0', '1.2.4' ],
551 silly audit   '@img/sharp-libvips-linux-s390x': [ '1.3.0', '1.2.4' ],
551 silly audit   '@img/sharp-libvips-linux-x64': [ '1.3.0', '1.2.4' ],
551 silly audit   '@img/sharp-libvips-linuxmusl-arm64': [ '1.3.0', '1.2.4' ],
551 silly audit   '@img/sharp-libvips-linuxmusl-x64': [ '1.3.0', '1.2.4' ],
551 silly audit   '@img/sharp-linux-arm': [ '0.35.1', '0.34.5' ],
551 silly audit   '@img/sharp-linux-arm64': [ '0.35.1', '0.34.5' ],
551 silly audit   '@img/sharp-linux-ppc64': [ '0.35.1', '0.34.5' ],
551 silly audit   '@img/sharp-linux-riscv64': [ '0.35.1', '0.34.5' ],
551 silly audit   '@img/sharp-linux-s390x': [ '0.35.1', '0.34.5' ],
551 silly audit   '@img/sharp-linux-x64': [ '0.35.1', '0.34.5' ],
551 silly audit   '@img/sharp-linuxmusl-arm64': [ '0.35.1', '0.34.5' ],
551 silly audit   '@img/sharp-linuxmusl-x64': [ '0.35.1', '0.34.5' ],
551 silly audit   '@img/sharp-wasm32': [ '0.35.1', '0.34.5' ],
551 silly audit   '@img/sharp-webcontainers-wasm32': [ '0.35.1' ],
551 silly audit   '@img/sharp-win32-arm64': [ '0.35.1', '0.34.5' ],
551 silly audit   '@img/sharp-win32-ia32': [ '0.35.1', '0.34.5' ],
551 silly audit   '@img/sharp-win32-x64': [ '0.35.1', '0.34.5' ],
551 silly audit   '@jridgewell/gen-mapping': [ '0.3.13' ],
551 silly audit   '@jridgewell/resolve-uri': [ '3.1.2' ],
551 silly audit   '@jridgewell/sourcemap-codec': [ '1.5.5' ],
551 silly audit   '@jridgewell/trace-mapping': [ '0.3.31' ],
551 silly audit   '@napi-rs/wasm-runtime': [ '1.1.4' ],
551 silly audit   '@nodelib/fs.scandir': [ '2.1.5' ],
551 silly audit   '@nodelib/fs.stat': [ '2.0.5' ],
551 silly audit   '@nodelib/fs.walk': [ '1.2.8' ],
551 silly audit   '@nolyfill/is-core-module': [ '1.0.39' ],
551 silly audit   '@rtsao/scc': [ '1.1.0' ],
551 silly audit   '@swc/helpers': [ '0.5.15' ],
551 silly audit   '@tybys/wasm-util': [ '0.10.2' ],
551 silly audit   '@types/estree': [ '1.0.9' ],
551 silly audit   '@types/json-schema': [ '7.0.15' ],
551 silly audit   '@types/json5': [ '0.0.29' ],
551 silly audit   '@types/node': [ '22.19.20' ],
551 silly audit   '@types/react': [ '19.2.17' ],
551 silly audit   '@types/react-dom': [ '19.2.3' ],
551 silly audit   ignore: [ '5.3.2', '7.0.5' ],
551 silly audit   'balanced-match': [ '1.0.2', '4.0.4' ],
551 silly audit   'brace-expansion': [ '1.1.15', '5.0.6' ],
551 silly audit   minimatch: [ '3.1.5', '10.2.5' ],
551 silly audit   '@unrs/resolver-binding-android-arm-eabi': [ '1.12.2' ],
551 silly audit   '@unrs/resolver-binding-android-arm64': [ '1.12.2' ],
551 silly audit   '@unrs/resolver-binding-darwin-arm64': [ '1.12.2' ],
551 silly audit   '@unrs/resolver-binding-darwin-x64': [ '1.12.2' ],
551 silly audit   '@unrs/resolver-binding-freebsd-x64': [ '1.12.2' ],
551 silly audit   '@unrs/resolver-binding-linux-arm-gnueabihf': [ '1.12.2' ],
551 silly audit   '@unrs/resolver-binding-linux-arm-musleabihf': [ '1.12.2' ],
551 silly audit   '@unrs/resolver-binding-linux-arm64-gnu': [ '1.12.2' ],
551 silly audit   '@unrs/resolver-binding-linux-arm64-musl': [ '1.12.2' ],
551 silly audit   '@unrs/resolver-binding-linux-loong64-gnu': [ '1.12.2' ],
551 silly audit   '@unrs/resolver-binding-linux-loong64-musl': [ '1.12.2' ],
551 silly audit   '@unrs/resolver-binding-linux-ppc64-gnu': [ '1.12.2' ],
551 silly audit   '@unrs/resolver-binding-linux-riscv64-gnu': [ '1.12.2' ],
551 silly audit   '@unrs/resolver-binding-linux-riscv64-musl': [ '1.12.2' ],
551 silly audit   '@unrs/resolver-binding-linux-s390x-gnu': [ '1.12.2' ],
551 silly audit   '@unrs/resolver-binding-linux-x64-gnu': [ '1.12.2' ],
551 silly audit   '@unrs/resolver-binding-linux-x64-musl': [ '1.12.2' ],
551 silly audit   '@unrs/resolver-binding-openharmony-arm64': [ '1.12.2' ],
551 silly audit   '@unrs/resolver-binding-wasm32-wasi': [ '1.12.2' ],
551 silly audit   '@unrs/resolver-binding-win32-arm64-msvc': [ '1.12.2' ],
551 silly audit   '@unrs/resolver-binding-win32-ia32-msvc': [ '1.12.2' ],
551 silly audit   '@unrs/resolver-binding-win32-x64-msvc': [ '1.12.2' ],
551 silly audit   acorn: [ '8.16.0' ],
551 silly audit   'acorn-jsx': [ '5.3.2' ],
551 silly audit   ajv: [ '6.15.0' ],
551 silly audit   'ansi-styles': [ '4.3.0' ],
551 silly audit   'any-promise': [ '1.3.0' ],
551 silly audit   anymatch: [ '3.1.3' ],
551 silly audit   arg: [ '5.0.2' ],
551 silly audit   argparse: [ '2.0.1' ],
551 silly audit   'aria-query': [ '5.3.2' ],
551 silly audit   'array-buffer-byte-length': [ '1.0.2' ],
551 silly audit   'array-includes': [ '3.1.9' ],
551 silly audit   'array.prototype.findlast': [ '1.2.5' ],
551 silly audit   'array.prototype.findlastindex': [ '1.2.6' ],
551 silly audit   'array.prototype.flat': [ '1.3.3' ],
551 silly audit   'array.prototype.flatmap': [ '1.3.3' ],
551 silly audit   'array.prototype.tosorted': [ '1.1.4' ],
551 silly audit   'arraybuffer.prototype.slice': [ '1.0.4' ],
551 silly audit   'ast-types-flow': [ '0.0.8' ],
551 silly audit   'async-function': [ '1.0.0' ],
551 silly audit   autoprefixer: [ '10.5.0' ],
551 silly audit   'available-typed-arrays': [ '1.0.7' ],
551 silly audit   'axe-core': [ '4.12.0' ],
551 silly audit   'axobject-query': [ '4.1.0' ],
551 silly audit   'baseline-browser-mapping': [ '2.10.34' ],
551 silly audit   'binary-extensions': [ '2.3.0' ],
551 silly audit   braces: [ '3.0.3' ],
551 silly audit   browserslist: [ '4.28.2' ],
551 silly audit   'call-bind': [ '1.0.9' ],
551 silly audit   'call-bind-apply-helpers': [ '1.0.2' ],
551 silly audit   'call-bound': [ '1.0.4' ],
551 silly audit   callsites: [ '3.1.0' ],
551 silly audit   'camelcase-css': [ '2.0.1' ],
551 silly audit   'caniuse-lite': [ '1.0.30001797' ],
551 silly audit   chalk: [ '4.1.2' ],
551 silly audit   chokidar: [ '3.6.0' ],
551 silly audit   'glob-parent': [ '5.1.2', '6.0.2' ],
551 silly audit   'client-only': [ '0.0.1' ],
551 silly audit   'color-convert': [ '2.0.1' ],
551 silly audit   'color-name': [ '1.1.4' ],
551 silly audit   commander: [ '4.1.1' ],
551 silly audit   'concat-map': [ '0.0.1' ],
551 silly audit   'cross-spawn': [ '7.0.6' ],
551 silly audit   cssesc: [ '3.0.0' ],
551 silly audit   csstype: [ '3.2.3' ],
551 silly audit   'damerau-levenshtein': [ '1.0.8' ],
551 silly audit   'data-view-buffer': [ '1.0.2' ],
551 silly audit   'data-view-byte-length': [ '1.0.2' ],
551 silly audit   'data-view-byte-offset': [ '1.0.1' ],
551 silly audit   debug: [ '4.4.3', '3.2.7' ],
551 silly audit   'deep-is': [ '0.1.4' ],
551 silly audit   'define-data-property': [ '1.1.4' ],
551 silly audit   'define-properties': [ '1.2.1' ],
551 silly audit   'detect-libc': [ '2.1.2' ],
551 silly audit   didyoumean: [ '1.2.2' ],
551 silly audit   dlv: [ '1.1.3' ],
551 silly audit   doctrine: [ '2.1.0' ],
551 silly audit   'dunder-proto': [ '1.0.1' ],
551 silly audit   'electron-to-chromium': [ '1.5.368' ],
551 silly audit   'emoji-regex': [ '9.2.2' ],
551 silly audit   'es-abstract': [ '1.24.2' ],
551 silly audit   'es-define-property': [ '1.0.1' ],
551 silly audit   'es-errors': [ '1.3.0' ],
551 silly audit   'es-iterator-helpers': [ '1.3.2' ],
551 silly audit   'es-object-atoms': [ '1.1.2' ],
551 silly audit   'es-set-tostringtag': [ '2.1.0' ],
551 silly audit   'es-shim-unscopables': [ '1.1.0' ],
551 silly audit   'es-to-primitive': [ '1.3.0' ],
551 silly audit   escalade: [ '3.2.0' ],
551 silly audit   'escape-string-regexp': [ '4.0.0' ],
551 silly audit   eslint: [ '9.39.4' ],
551 silly audit   'eslint-import-resolver-node': [ '0.3.10' ],
551 silly audit   'eslint-import-resolver-typescript': [ '3.10.1' ],
551 silly audit   'eslint-module-utils': [ '2.13.0' ],
551 silly audit   'eslint-plugin-import': [ '2.32.0' ],
551 silly audit   semver: [ '6.3.1', '7.8.4' ],
551 silly audit   'eslint-plugin-jsx-a11y': [ '6.10.2' ],
551 silly audit   'eslint-plugin-react': [ '7.37.5' ],
551 silly audit   'eslint-scope': [ '8.4.0' ],
551 silly audit   espree: [ '10.4.0' ],
551 silly audit   esquery: [ '1.7.0' ],
551 silly audit   esrecurse: [ '4.3.0' ],
551 silly audit   estraverse: [ '5.3.0' ],
551 silly audit   esutils: [ '2.0.3' ],
551 silly audit   'fast-deep-equal': [ '3.1.3' ],
551 silly audit   'fast-glob': [ '3.3.3', '3.3.1' ],
551 silly audit   'fast-json-stable-stringify': [ '2.1.0' ],
551 silly audit   'fast-levenshtein': [ '2.0.6' ],
551 silly audit   fastq: [ '1.20.1' ],
551 silly audit   'file-entry-cache': [ '8.0.0' ],
551 silly audit   'fill-range': [ '7.1.1' ],
551 silly audit   'find-up': [ '5.0.0' ],
551 silly audit   'flat-cache': [ '4.0.1' ],
551 silly audit   flatted: [ '3.4.2' ],
551 silly audit   'for-each': [ '0.3.5' ],
551 silly audit   'fraction.js': [ '5.3.4' ],
551 silly audit   'framer-motion': [ '11.18.2' ],
551 silly audit   fsevents: [ '2.3.3' ],
551 silly audit   'function-bind': [ '1.1.2' ],
551 silly audit   'function.prototype.name': [ '1.1.8' ],
551 silly audit   'functions-have-names': [ '1.2.3' ],
551 silly audit   'generator-function': [ '2.0.1' ],
551 silly audit   'get-intrinsic': [ '1.3.0' ],
551 silly audit   'get-proto': [ '1.0.1' ],
551 silly audit   'get-symbol-description': [ '1.1.0' ],
551 silly audit   'get-tsconfig': [ '4.14.0' ],
551 silly audit   globals: [ '14.0.0', '16.4.0' ],
551 silly audit   globalthis: [ '1.0.4' ],
551 silly audit   gopd: [ '1.2.0' ],
551 silly audit   'has-bigints': [ '1.1.0' ],
551 silly audit   'has-flag': [ '4.0.0' ],
551 silly audit   'has-property-descriptors': [ '1.0.2' ],
551 silly audit   'has-proto': [ '1.2.0' ],
551 silly audit   'has-symbols': [ '1.1.0' ],
551 silly audit   'has-tostringtag': [ '1.0.2' ],
551 silly audit   hasown: [ '2.0.4' ],
551 silly audit   'import-fresh': [ '3.3.1' ],
551 silly audit   imurmurhash: [ '0.1.4' ],
551 silly audit   'internal-slot': [ '1.1.0' ],
551 silly audit   'is-array-buffer': [ '3.0.5' ],
551 silly audit   'is-async-function': [ '2.1.1' ],
551 silly audit   'is-bigint': [ '1.1.0' ],
551 silly audit   'is-binary-path': [ '2.1.0' ],
551 silly audit   'is-boolean-object': [ '1.2.2' ],
551 silly audit   'is-bun-module': [ '2.0.0' ],
551 silly audit   'is-callable': [ '1.2.7' ],
551 silly audit   'is-core-module': [ '2.16.2' ],
551 silly audit   'is-data-view': [ '1.0.2' ],
551 silly audit   'is-date-object': [ '1.1.0' ],
551 silly audit   'is-extglob': [ '2.1.1' ],
551 silly audit   'is-finalizationregistry': [ '1.1.1' ],
551 silly audit   'is-generator-function': [ '1.1.2' ],
551 silly audit   'is-glob': [ '4.0.3' ],
551 silly audit   'is-map': [ '2.0.3' ],
551 silly audit   'is-negative-zero': [ '2.0.3' ],
551 silly audit   'is-number': [ '7.0.0' ],
551 silly audit   'is-number-object': [ '1.1.1' ],
551 silly audit   'is-regex': [ '1.2.1' ],
551 silly audit   'is-set': [ '2.0.3' ],
551 silly audit   'is-shared-array-buffer': [ '1.0.4' ],
551 silly audit   'is-string': [ '1.1.1' ],
551 silly audit   'is-symbol': [ '1.1.1' ],
551 silly audit   'is-typed-array': [ '1.1.15' ],
551 silly audit   'is-weakmap': [ '2.0.2' ],
551 silly audit   'is-weakref': [ '1.1.1' ],
551 silly audit   'is-weakset': [ '2.0.4' ],
551 silly audit   isarray: [ '2.0.5' ],
551 silly audit   isexe: [ '2.0.0' ],
551 silly audit   'iterator.prototype': [ '1.1.5' ],
551 silly audit   jiti: [ '1.21.7' ],
551 silly audit   'js-tokens': [ '4.0.0' ],
551 silly audit   'js-yaml': [ '4.2.0' ],
551 silly audit   'json-buffer': [ '3.0.1' ],
551 silly audit   'json-schema-traverse': [ '0.4.1' ],
551 silly audit   'json-stable-stringify-without-jsonify': [ '1.0.1' ],
551 silly audit   json5: [ '1.0.2', '2.2.3' ],
551 silly audit   'jsx-ast-utils': [ '3.3.5' ],
551 silly audit   keyv: [ '4.5.4' ],
551 silly audit   'language-subtag-registry': [ '0.3.23' ],
551 silly audit   'language-tags': [ '1.0.9' ],
551 silly audit   levn: [ '0.4.1' ],
551 silly audit   lilconfig: [ '3.1.3' ],
551 silly audit   'lines-and-columns': [ '1.2.4' ],
551 silly audit   'locate-path': [ '6.0.0' ],
551 silly audit   'lodash.merge': [ '4.6.2' ],
551 silly audit   'loose-envify': [ '1.4.0' ],
551 silly audit   'math-intrinsics': [ '1.1.0' ],
551 silly audit   merge2: [ '1.4.1' ],
551 silly audit   micromatch: [ '4.0.8' ],
551 silly audit   minimist: [ '1.2.8' ],
551 silly audit   'motion-dom': [ '11.18.1' ],
551 silly audit   'motion-utils': [ '11.18.1' ],
551 silly audit   ms: [ '2.1.3' ],
551 silly audit   mz: [ '2.7.0' ],
551 silly audit   nanoid: [ '3.3.12' ],
551 silly audit   'napi-postinstall': [ '0.3.4' ],
551 silly audit   'natural-compare': [ '1.4.0' ],
551 silly audit   postcss: [ '8.5.15', '8.4.31' ],
551 silly audit   sharp: [ '0.35.1', '0.34.5' ],
551 silly audit   'node-exports-info': [ '1.6.0' ],
551 silly audit   'node-releases': [ '2.0.47' ],
551 silly audit   'normalize-path': [ '3.0.0' ],
551 silly audit   'object-assign': [ '4.1.1' ],
551 silly audit   'object-hash': [ '3.0.0' ],
551 silly audit   'object-inspect': [ '1.13.4' ],
551 silly audit   'object-keys': [ '1.1.1' ],
551 silly audit   'object.assign': [ '4.1.7' ],
551 silly audit   'object.entries': [ '1.1.9' ],
551 silly audit   'object.fromentries': [ '2.0.8' ],
551 silly audit   'object.groupby': [ '1.0.3' ],
551 silly audit   'object.values': [ '1.2.1' ],
551 silly audit   optionator: [ '0.9.4' ],
551 silly audit   'own-keys': [ '1.0.1' ],
551 silly audit   'p-limit': [ '3.1.0' ],
551 silly audit   'p-locate': [ '5.0.0' ],
551 silly audit   'parent-module': [ '1.0.1' ],
551 silly audit   'path-exists': [ '4.0.0' ],
551 silly audit   'path-key': [ '3.1.1' ],
551 silly audit   'path-parse': [ '1.0.7' ],
551 silly audit   picocolors: [ '1.1.1' ],
551 silly audit   picomatch: [ '2.3.2', '4.0.4' ],
551 silly audit   pify: [ '2.3.0' ],
551 silly audit   pirates: [ '4.0.7' ],
551 silly audit   'possible-typed-array-names': [ '1.1.0' ],
551 silly audit   'postcss-import': [ '15.1.0' ],
551 silly audit   resolve: [ '1.22.12', '2.0.0-next.7' ],
551 silly audit   'postcss-js': [ '4.1.0' ],
551 silly audit   'postcss-load-config': [ '6.0.1' ],
551 silly audit   'postcss-nested': [ '6.2.0' ],
551 silly audit   'postcss-selector-parser': [ '6.1.2' ],
551 silly audit   'postcss-value-parser': [ '4.2.0' ],
551 silly audit   'prelude-ls': [ '1.2.1' ],
551 silly audit   'prop-types': [ '15.8.1' ],
551 silly audit   punycode: [ '2.3.1' ],
551 silly audit   'queue-microtask': [ '1.2.3' ],
551 silly audit   react: [ '19.2.7' ],
551 silly audit   'react-dom': [ '19.2.7' ],
551 silly audit   'react-is': [ '16.13.1' ],
551 silly audit   'read-cache': [ '1.0.0' ],
551 silly audit   readdirp: [ '3.6.0' ],
551 silly audit   'reflect.getprototypeof': [ '1.0.10' ],
551 silly audit   'regexp.prototype.flags': [ '1.5.4' ],
551 silly audit   'resolve-from': [ '4.0.0' ],
551 silly audit   'resolve-pkg-maps': [ '1.0.0' ],
551 silly audit   reusify: [ '1.1.0' ],
551 silly audit   'run-parallel': [ '1.2.0' ],
551 silly audit   'safe-array-concat': [ '1.1.4' ],
551 silly audit   'safe-push-apply': [ '1.0.0' ],
551 silly audit   'safe-regex-test': [ '1.1.0' ],
551 silly audit   scheduler: [ '0.27.0' ],
551 silly audit   'set-function-length': [ '1.2.2' ],
551 silly audit   'set-function-name': [ '2.0.2' ],
551 silly audit   'set-proto': [ '1.0.0' ],
551 silly audit   'shebang-command': [ '2.0.0' ],
551 silly audit   'shebang-regex': [ '3.0.0' ],
551 silly audit   'side-channel': [ '1.1.1' ],
551 silly audit   'side-channel-list': [ '1.0.1' ],
551 silly audit   'side-channel-map': [ '1.0.1' ],
551 silly audit   'side-channel-weakmap': [ '1.0.2' ],
551 silly audit   'source-map-js': [ '1.2.1' ],
551 silly audit   'stable-hash': [ '0.0.5' ],
551 silly audit   'stop-iteration-iterator': [ '1.1.0' ],
551 silly audit   'string.prototype.includes': [ '2.0.1' ],
551 silly audit   'string.prototype.matchall': [ '4.0.12' ],
551 silly audit   'string.prototype.repeat': [ '1.0.0' ],
551 silly audit   'string.prototype.trim': [ '1.2.11' ],
551 silly audit   'string.prototype.trimend': [ '1.0.10' ],
551 silly audit   'string.prototype.trimstart': [ '1.0.8' ],
551 silly audit   'strip-bom': [ '3.0.0' ],
551 silly audit   'strip-json-comments': [ '3.1.1' ],
551 silly audit   'styled-jsx': [ '5.1.6' ],
551 silly audit   sucrase: [ '3.35.1' ],
551 silly audit   'supports-color': [ '7.2.0' ],
551 silly audit   'supports-preserve-symlinks-flag': [ '1.0.0' ],
551 silly audit   tailwindcss: [ '3.4.19' ],
551 silly audit   thenify: [ '3.3.1' ],
551 silly audit   'thenify-all': [ '1.6.0' ],
551 silly audit   tinyglobby: [ '0.2.17' ],
551 silly audit   fdir: [ '6.5.0' ],
551 silly audit   'to-regex-range': [ '5.0.1' ],
551 silly audit   'ts-interface-checker': [ '0.1.13' ],
551 silly audit   'tsconfig-paths': [ '3.15.0' ],
551 silly audit   tslib: [ '2.8.1' ],
551 silly audit   'type-check': [ '0.4.0' ],
551 silly audit   'typed-array-buffer': [ '1.0.3' ],
551 silly audit   'typed-array-byte-length': [ '1.0.3' ],
551 silly audit   'typed-array-byte-offset': [ '1.0.4' ],
551 silly audit   'typed-array-length': [ '1.0.8' ],
551 silly audit   typescript: [ '5.9.3' ],
551 silly audit   'unbox-primitive': [ '1.1.0' ],
551 silly audit   'undici-types': [ '6.21.0' ],
551 silly audit   'unrs-resolver': [ '1.12.2' ],
551 silly audit   'update-browserslist-db': [ '1.2.3' ],
551 silly audit   'uri-js': [ '4.4.1' ],
551 silly audit   'util-deprecate': [ '1.0.2' ],
551 silly audit   which: [ '2.0.2' ],
551 silly audit   'which-boxed-primitive': [ '1.1.1' ],
551 silly audit   'which-builtin-type': [ '1.2.1' ],
551 silly audit   'which-collection': [ '1.0.2' ],
551 silly audit   'which-typed-array': [ '1.1.22' ],
551 silly audit   'word-wrap': [ '1.2.5' ],
551 silly audit   'yocto-queue': [ '0.1.0' ],
551 silly audit   'eslint-config-next': [ '16.2.9' ],
551 silly audit   next: [ '16.2.9' ],
551 silly audit   '@next/eslint-plugin-next': [ '16.2.9' ],
551 silly audit   'eslint-plugin-react-hooks': [ '7.1.1' ],
551 silly audit   'typescript-eslint': [ '8.61.1' ],
551 silly audit   '@babel/core': [ '7.29.7' ],
551 silly audit   '@babel/parser': [ '7.29.7' ],
551 silly audit   'hermes-parser': [ '0.25.1' ],
551 silly audit   zod: [ '4.4.3' ],
551 silly audit   'zod-validation-error': [ '4.0.2' ],
551 silly audit   '@babel/code-frame': [ '7.29.7' ],
551 silly audit   '@babel/generator': [ '7.29.7' ],
551 silly audit   '@babel/helper-compilation-targets': [ '7.29.7' ],
551 silly audit   '@babel/helper-module-transforms': [ '7.29.7' ],
551 silly audit   '@babel/helpers': [ '7.29.7' ],
551 silly audit   '@babel/template': [ '7.29.7' ],
551 silly audit   '@babel/traverse': [ '7.29.7' ],
551 silly audit   '@babel/types': [ '7.29.7' ],
551 silly audit   '@jridgewell/remapping': [ '2.3.5' ],
551 silly audit   'convert-source-map': [ '2.0.0' ],
551 silly audit   gensync: [ '1.0.0-beta.2' ],
551 silly audit   '@babel/helper-validator-identifier': [ '7.29.7' ],
551 silly audit   jsesc: [ '3.1.0' ],
551 silly audit   '@babel/compat-data': [ '7.29.7' ],
551 silly audit   '@babel/helper-validator-option': [ '7.29.7' ],
551 silly audit   'lru-cache': [ '5.1.1' ],
551 silly audit   '@babel/helper-module-imports': [ '7.29.7' ],
551 silly audit   '@babel/helper-globals': [ '7.29.7' ],
551 silly audit   '@babel/helper-string-parser': [ '7.29.7' ],
551 silly audit   'hermes-estree': [ '0.25.1' ],
551 silly audit   yallist: [ '3.1.1' ],
551 silly audit   '@next/env': [ '16.2.9' ],
551 silly audit   '@next/swc-darwin-arm64': [ '16.2.9' ],
551 silly audit   '@next/swc-darwin-x64': [ '16.2.9' ],
551 silly audit   '@next/swc-linux-arm64-gnu': [ '16.2.9' ],
551 silly audit   '@next/swc-linux-arm64-musl': [ '16.2.9' ],
551 silly audit   '@next/swc-linux-x64-gnu': [ '16.2.9' ],
551 silly audit   '@next/swc-linux-x64-musl': [ '16.2.9' ],
551 silly audit   '@next/swc-win32-arm64-msvc': [ '16.2.9' ],
551 silly audit   '@next/swc-win32-x64-msvc': [ '16.2.9' ],
551 silly audit   '@typescript-eslint/eslint-plugin': [ '8.61.1' ],
551 silly audit   '@typescript-eslint/parser': [ '8.61.1' ],
551 silly audit   '@typescript-eslint/typescript-estree': [ '8.61.1' ],
551 silly audit   '@typescript-eslint/utils': [ '8.61.1' ],
551 silly audit   '@typescript-eslint/scope-manager': [ '8.61.1' ],
551 silly audit   '@typescript-eslint/type-utils': [ '8.61.1' ],
551 silly audit   '@typescript-eslint/visitor-keys': [ '8.61.1' ],
551 silly audit   'ts-api-utils': [ '2.5.0' ],
551 silly audit   '@typescript-eslint/types': [ '8.61.1' ],
551 silly audit   '@typescript-eslint/project-service': [ '8.61.1' ],
551 silly audit   '@typescript-eslint/tsconfig-utils': [ '8.61.1' ]
551 silly audit }
552 verbose reify failed optional dependency C:\Users\Joud Alharbi\Desktop\Almoheet\node_modules\@next\swc-win32-arm64-msvc
553 silly reify mark deleted [
553 silly reify   'C:\\Users\\Joud Alharbi\\Desktop\\Almoheet\\node_modules\\@next\\swc-win32-arm64-msvc'
553 silly reify ]
554 verbose reify failed optional dependency C:\Users\Joud Alharbi\Desktop\Almoheet\node_modules\@next\swc-linux-x64-musl
555 silly reify mark deleted [
555 silly reify   'C:\\Users\\Joud Alharbi\\Desktop\\Almoheet\\node_modules\\@next\\swc-linux-x64-musl'
555 silly reify ]
556 verbose reify failed optional dependency C:\Users\Joud Alharbi\Desktop\Almoheet\node_modules\@next\swc-linux-x64-gnu
557 silly reify mark deleted [
557 silly reify   'C:\\Users\\Joud Alharbi\\Desktop\\Almoheet\\node_modules\\@next\\swc-linux-x64-gnu'
557 silly reify ]
558 verbose reify failed optional dependency C:\Users\Joud Alharbi\Desktop\Almoheet\node_modules\@next\swc-linux-arm64-musl
559 silly reify mark deleted [
559 silly reify   'C:\\Users\\Joud Alharbi\\Desktop\\Almoheet\\node_modules\\@next\\swc-linux-arm64-musl'
559 silly reify ]
560 verbose reify failed optional dependency C:\Users\Joud Alharbi\Desktop\Almoheet\node_modules\@next\swc-linux-arm64-gnu
561 silly reify mark deleted [
561 silly reify   'C:\\Users\\Joud Alharbi\\Desktop\\Almoheet\\node_modules\\@next\\swc-linux-arm64-gnu'
561 silly reify ]
562 verbose reify failed optional dependency C:\Users\Joud Alharbi\Desktop\Almoheet\node_modules\@next\swc-darwin-x64
563 silly reify mark deleted [
563 silly reify   'C:\\Users\\Joud Alharbi\\Desktop\\Almoheet\\node_modules\\@next\\swc-darwin-x64'
563 silly reify ]
564 verbose reify failed optional dependency C:\Users\Joud Alharbi\Desktop\Almoheet\node_modules\@next\swc-darwin-arm64
565 silly reify mark deleted [
565 silly reify   'C:\\Users\\Joud Alharbi\\Desktop\\Almoheet\\node_modules\\@next\\swc-darwin-arm64'
565 silly reify ]
566 verbose reify failed optional dependency C:\Users\Joud Alharbi\Desktop\Almoheet\node_modules\next\node_modules\@img\sharp-win32-ia32
567 silly reify mark deleted [
567 silly reify   'C:\\Users\\Joud Alharbi\\Desktop\\Almoheet\\node_modules\\next\\node_modules\\@img\\sharp-win32-ia32'
567 silly reify ]
568 verbose reify failed optional dependency C:\Users\Joud Alharbi\Desktop\Almoheet\node_modules\next\node_modules\@img\sharp-win32-arm64
569 silly reify mark deleted [
569 silly reify   'C:\\Users\\Joud Alharbi\\Desktop\\Almoheet\\node_modules\\next\\node_modules\\@img\\sharp-win32-arm64'
569 silly reify ]
570 verbose reify failed optional dependency C:\Users\Joud Alharbi\Desktop\Almoheet\node_modules\next\node_modules\@img\sharp-wasm32
571 silly reify mark deleted [
571 silly reify   'C:\\Users\\Joud Alharbi\\Desktop\\Almoheet\\node_modules\\next\\node_modules\\@img\\sharp-wasm32'
571 silly reify ]
572 verbose reify failed optional dependency C:\Users\Joud Alharbi\Desktop\Almoheet\node_modules\next\node_modules\@img\sharp-linuxmusl-x64
573 silly reify mark deleted [
573 silly reify   'C:\\Users\\Joud Alharbi\\Desktop\\Almoheet\\node_modules\\next\\node_modules\\@img\\sharp-linuxmusl-x64'
573 silly reify ]
574 verbose reify failed optional dependency C:\Users\Joud Alharbi\Desktop\Almoheet\node_modules\next\node_modules\@img\sharp-linuxmusl-arm64
575 silly reify mark deleted [
575 silly reify   'C:\\Users\\Joud Alharbi\\Desktop\\Almoheet\\node_modules\\next\\node_modules\\@img\\sharp-linuxmusl-arm64'
575 silly reify ]
576 verbose reify failed optional dependency C:\Users\Joud Alharbi\Desktop\Almoheet\node_modules\next\node_modules\@img\sharp-linux-x64
577 silly reify mark deleted [
577 silly reify   'C:\\Users\\Joud Alharbi\\Desktop\\Almoheet\\node_modules\\next\\node_modules\\@img\\sharp-linux-x64'
577 silly reify ]
578 verbose reify failed optional dependency C:\Users\Joud Alharbi\Desktop\Almoheet\node_modules\next\node_modules\@img\sharp-linux-s390x
579 silly reify mark deleted [
579 silly reify   'C:\\Users\\Joud Alharbi\\Desktop\\Almoheet\\node_modules\\next\\node_modules\\@img\\sharp-linux-s390x'
579 silly reify ]
580 verbose reify failed optional dependency C:\Users\Joud Alharbi\Desktop\Almoheet\node_modules\next\node_modules\@img\sharp-linux-riscv64
581 silly reify mark deleted [
581 silly reify   'C:\\Users\\Joud Alharbi\\Desktop\\Almoheet\\node_modules\\next\\node_modules\\@img\\sharp-linux-riscv64'
581 silly reify ]
582 verbose reify failed optional dependency C:\Users\Joud Alharbi\Desktop\Almoheet\node_modules\next\node_modules\@img\sharp-linux-ppc64
583 silly reify mark deleted [
583 silly reify   'C:\\Users\\Joud Alharbi\\Desktop\\Almoheet\\node_modules\\next\\node_modules\\@img\\sharp-linux-ppc64'
583 silly reify ]
584 verbose reify failed optional dependency C:\Users\Joud Alharbi\Desktop\Almoheet\node_modules\next\node_modules\@img\sharp-linux-arm64
585 silly reify mark deleted [
585 silly reify   'C:\\Users\\Joud Alharbi\\Desktop\\Almoheet\\node_modules\\next\\node_modules\\@img\\sharp-linux-arm64'
585 silly reify ]
586 verbose reify failed optional dependency C:\Users\Joud Alharbi\Desktop\Almoheet\node_modules\next\node_modules\@img\sharp-linux-arm
587 silly reify mark deleted [
587 silly reify   'C:\\Users\\Joud Alharbi\\Desktop\\Almoheet\\node_modules\\next\\node_modules\\@img\\sharp-linux-arm'
587 silly reify ]
588 verbose reify failed optional dependency C:\Users\Joud Alharbi\Desktop\Almoheet\node_modules\next\node_modules\@img\sharp-libvips-linuxmusl-x64
589 silly reify mark deleted [
589 silly reify   'C:\\Users\\Joud Alharbi\\Desktop\\Almoheet\\node_modules\\next\\node_modules\\@img\\sharp-libvips-linuxmusl-x64'
589 silly reify ]
590 verbose reify failed optional dependency C:\Users\Joud Alharbi\Desktop\Almoheet\node_modules\next\node_modules\@img\sharp-libvips-linuxmusl-arm64
591 silly reify mark deleted [
591 silly reify   'C:\\Users\\Joud Alharbi\\Desktop\\Almoheet\\node_modules\\next\\node_modules\\@img\\sharp-libvips-linuxmusl-arm64'
591 silly reify ]
592 verbose reify failed optional dependency C:\Users\Joud Alharbi\Desktop\Almoheet\node_modules\next\node_modules\@img\sharp-libvips-linux-x64
593 silly reify mark deleted [
593 silly reify   'C:\\Users\\Joud Alharbi\\Desktop\\Almoheet\\node_modules\\next\\node_modules\\@img\\sharp-libvips-linux-x64'
593 silly reify ]
594 verbose reify failed optional dependency C:\Users\Joud Alharbi\Desktop\Almoheet\node_modules\next\node_modules\@img\sharp-libvips-linux-s390x
595 silly reify mark deleted [
595 silly reify   'C:\\Users\\Joud Alharbi\\Desktop\\Almoheet\\node_modules\\next\\node_modules\\@img\\sharp-libvips-linux-s390x'
595 silly reify ]
596 verbose reify failed optional dependency C:\Users\Joud Alharbi\Desktop\Almoheet\node_modules\next\node_modules\@img\sharp-libvips-linux-riscv64
597 silly reify mark deleted [
597 silly reify   'C:\\Users\\Joud Alharbi\\Desktop\\Almoheet\\node_modules\\next\\node_modules\\@img\\sharp-libvips-linux-riscv64'
597 silly reify ]
598 verbose reify failed optional dependency C:\Users\Joud Alharbi\Desktop\Almoheet\node_modules\next\node_modules\@img\sharp-libvips-linux-ppc64
599 silly reify mark deleted [
599 silly reify   'C:\\Users\\Joud Alharbi\\Desktop\\Almoheet\\node_modules\\next\\node_modules\\@img\\sharp-libvips-linux-ppc64'
599 silly reify ]
600 verbose reify failed optional dependency C:\Users\Joud Alharbi\Desktop\Almoheet\node_modules\next\node_modules\@img\sharp-libvips-linux-arm64
601 silly reify mark deleted [
601 silly reify   'C:\\Users\\Joud Alharbi\\Desktop\\Almoheet\\node_modules\\next\\node_modules\\@img\\sharp-libvips-linux-arm64'
601 silly reify ]
602 verbose reify failed optional dependency C:\Users\Joud Alharbi\Desktop\Almoheet\node_modules\next\node_modules\@img\sharp-libvips-linux-arm
603 silly reify mark deleted [
603 silly reify   'C:\\Users\\Joud Alharbi\\Desktop\\Almoheet\\node_modules\\next\\node_modules\\@img\\sharp-libvips-linux-arm'
603 silly reify ]
604 verbose reify failed optional dependency C:\Users\Joud Alharbi\Desktop\Almoheet\node_modules\next\node_modules\@img\sharp-libvips-darwin-x64
605 silly reify mark deleted [
605 silly reify   'C:\\Users\\Joud Alharbi\\Desktop\\Almoheet\\node_modules\\next\\node_modules\\@img\\sharp-libvips-darwin-x64'
605 silly reify ]
606 verbose reify failed optional dependency C:\Users\Joud Alharbi\Desktop\Almoheet\node_modules\next\node_modules\@img\sharp-libvips-darwin-arm64
607 silly reify mark deleted [
607 silly reify   'C:\\Users\\Joud Alharbi\\Desktop\\Almoheet\\node_modules\\next\\node_modules\\@img\\sharp-libvips-darwin-arm64'
607 silly reify ]
608 verbose reify failed optional dependency C:\Users\Joud Alharbi\Desktop\Almoheet\node_modules\next\node_modules\@img\sharp-darwin-x64
609 silly reify mark deleted [
609 silly reify   'C:\\Users\\Joud Alharbi\\Desktop\\Almoheet\\node_modules\\next\\node_modules\\@img\\sharp-darwin-x64'
609 silly reify ]
610 verbose reify failed optional dependency C:\Users\Joud Alharbi\Desktop\Almoheet\node_modules\next\node_modules\@img\sharp-darwin-arm64
611 silly reify mark deleted [
611 silly reify   'C:\\Users\\Joud Alharbi\\Desktop\\Almoheet\\node_modules\\next\\node_modules\\@img\\sharp-darwin-arm64'
611 silly reify ]
612 verbose reify failed optional dependency C:\Users\Joud Alharbi\Desktop\Almoheet\node_modules\fsevents
613 silly reify mark deleted [
613 silly reify   'C:\\Users\\Joud Alharbi\\Desktop\\Almoheet\\node_modules\\fsevents'
613 silly reify ]
614 verbose reify failed optional dependency C:\Users\Joud Alharbi\Desktop\Almoheet\node_modules\@unrs\resolver-binding-win32-ia32-msvc
615 silly reify mark deleted [
615 silly reify   'C:\\Users\\Joud Alharbi\\Desktop\\Almoheet\\node_modules\\@unrs\\resolver-binding-win32-ia32-msvc'
615 silly reify ]
616 verbose reify failed optional dependency C:\Users\Joud Alharbi\Desktop\Almoheet\node_modules\@unrs\resolver-binding-win32-arm64-msvc
617 silly reify mark deleted [
617 silly reify   'C:\\Users\\Joud Alharbi\\Desktop\\Almoheet\\node_modules\\@unrs\\resolver-binding-win32-arm64-msvc'
617 silly reify ]
618 verbose reify failed optional dependency C:\Users\Joud Alharbi\Desktop\Almoheet\node_modules\@unrs\resolver-binding-wasm32-wasi
619 silly reify mark deleted [
619 silly reify   'C:\\Users\\Joud Alharbi\\Desktop\\Almoheet\\node_modules\\@unrs\\resolver-binding-wasm32-wasi'
619 silly reify ]
620 verbose reify failed optional dependency C:\Users\Joud Alharbi\Desktop\Almoheet\node_modules\@emnapi\core
621 silly reify mark deleted [
621 silly reify   'C:\\Users\\Joud Alharbi\\Desktop\\Almoheet\\node_modules\\@emnapi\\core'
621 silly reify ]
622 verbose reify failed optional dependency C:\Users\Joud Alharbi\Desktop\Almoheet\node_modules\@unrs\resolver-binding-wasm32-wasi\node_modules\@emnapi\runtime
623 silly reify mark deleted [
623 silly reify   'C:\\Users\\Joud Alharbi\\Desktop\\Almoheet\\node_modules\\@unrs\\resolver-binding-wasm32-wasi\\node_modules\\@emnapi\\runtime'
623 silly reify ]
624 verbose reify failed optional dependency C:\Users\Joud Alharbi\Desktop\Almoheet\node_modules\@napi-rs\wasm-runtime
625 silly reify mark deleted [
625 silly reify   'C:\\Users\\Joud Alharbi\\Desktop\\Almoheet\\node_modules\\@napi-rs\\wasm-runtime'
625 silly reify ]
626 verbose reify failed optional dependency C:\Users\Joud Alharbi\Desktop\Almoheet\node_modules\@emnapi\wasi-threads
627 silly reify mark deleted [
627 silly reify   'C:\\Users\\Joud Alharbi\\Desktop\\Almoheet\\node_modules\\@emnapi\\wasi-threads'
627 silly reify ]
628 verbose reify failed optional dependency C:\Users\Joud Alharbi\Desktop\Almoheet\node_modules\@tybys\wasm-util
629 silly reify mark deleted [
629 silly reify   'C:\\Users\\Joud Alharbi\\Desktop\\Almoheet\\node_modules\\@tybys\\wasm-util'
629 silly reify ]
630 verbose reify failed optional dependency C:\Users\Joud Alharbi\Desktop\Almoheet\node_modules\@unrs\resolver-binding-openharmony-arm64
631 silly reify mark deleted [
631 silly reify   'C:\\Users\\Joud Alharbi\\Desktop\\Almoheet\\node_modules\\@unrs\\resolver-binding-openharmony-arm64'
631 silly reify ]
632 verbose reify failed optional dependency C:\Users\Joud Alharbi\Desktop\Almoheet\node_modules\@unrs\resolver-binding-linux-x64-musl
633 silly reify mark deleted [
633 silly reify   'C:\\Users\\Joud Alharbi\\Desktop\\Almoheet\\node_modules\\@unrs\\resolver-binding-linux-x64-musl'
633 silly reify ]
634 verbose reify failed optional dependency C:\Users\Joud Alharbi\Desktop\Almoheet\node_modules\@unrs\resolver-binding-linux-x64-gnu
635 silly reify mark deleted [
635 silly reify   'C:\\Users\\Joud Alharbi\\Desktop\\Almoheet\\node_modules\\@unrs\\resolver-binding-linux-x64-gnu'
635 silly reify ]
636 verbose reify failed optional dependency C:\Users\Joud Alharbi\Desktop\Almoheet\node_modules\@unrs\resolver-binding-linux-s390x-gnu
637 silly reify mark deleted [
637 silly reify   'C:\\Users\\Joud Alharbi\\Desktop\\Almoheet\\node_modules\\@unrs\\resolver-binding-linux-s390x-gnu'
637 silly reify ]
638 verbose reify failed optional dependency C:\Users\Joud Alharbi\Desktop\Almoheet\node_modules\@unrs\resolver-binding-linux-riscv64-musl
639 silly reify mark deleted [
639 silly reify   'C:\\Users\\Joud Alharbi\\Desktop\\Almoheet\\node_modules\\@unrs\\resolver-binding-linux-riscv64-musl'
639 silly reify ]
640 verbose reify failed optional dependency C:\Users\Joud Alharbi\Desktop\Almoheet\node_modules\@unrs\resolver-binding-linux-riscv64-gnu
641 silly reify mark deleted [
641 silly reify   'C:\\Users\\Joud Alharbi\\Desktop\\Almoheet\\node_modules\\@unrs\\resolver-binding-linux-riscv64-gnu'
641 silly reify ]
642 verbose reify failed optional dependency C:\Users\Joud Alharbi\Desktop\Almoheet\node_modules\@unrs\resolver-binding-linux-ppc64-gnu
643 silly reify mark deleted [
643 silly reify   'C:\\Users\\Joud Alharbi\\Desktop\\Almoheet\\node_modules\\@unrs\\resolver-binding-linux-ppc64-gnu'
643 silly reify ]
644 verbose reify failed optional dependency C:\Users\Joud Alharbi\Desktop\Almoheet\node_modules\@unrs\resolver-binding-linux-loong64-musl
645 silly reify mark deleted [
645 silly reify   'C:\\Users\\Joud Alharbi\\Desktop\\Almoheet\\node_modules\\@unrs\\resolver-binding-linux-loong64-musl'
645 silly reify ]
646 verbose reify failed optional dependency C:\Users\Joud Alharbi\Desktop\Almoheet\node_modules\@unrs\resolver-binding-linux-loong64-gnu
647 silly reify mark deleted [
647 silly reify   'C:\\Users\\Joud Alharbi\\Desktop\\Almoheet\\node_modules\\@unrs\\resolver-binding-linux-loong64-gnu'
647 silly reify ]
648 verbose reify failed optional dependency C:\Users\Joud Alharbi\Desktop\Almoheet\node_modules\@unrs\resolver-binding-linux-arm64-musl
649 silly reify mark deleted [
649 silly reify   'C:\\Users\\Joud Alharbi\\Desktop\\Almoheet\\node_modules\\@unrs\\resolver-binding-linux-arm64-musl'
649 silly reify ]
650 verbose reify failed optional dependency C:\Users\Joud Alharbi\Desktop\Almoheet\node_modules\@unrs\resolver-binding-linux-arm64-gnu
651 silly reify mark deleted [
651 silly reify   'C:\\Users\\Joud Alharbi\\Desktop\\Almoheet\\node_modules\\@unrs\\resolver-binding-linux-arm64-gnu'
651 silly reify ]
652 verbose reify failed optional dependency C:\Users\Joud Alharbi\Desktop\Almoheet\node_modules\@unrs\resolver-binding-linux-arm-musleabihf
653 silly reify mark deleted [
653 silly reify   'C:\\Users\\Joud Alharbi\\Desktop\\Almoheet\\node_modules\\@unrs\\resolver-binding-linux-arm-musleabihf'
653 silly reify ]
654 verbose reify failed optional dependency C:\Users\Joud Alharbi\Desktop\Almoheet\node_modules\@unrs\resolver-binding-linux-arm-gnueabihf
655 silly reify mark deleted [
655 silly reify   'C:\\Users\\Joud Alharbi\\Desktop\\Almoheet\\node_modules\\@unrs\\resolver-binding-linux-arm-gnueabihf'
655 silly reify ]
656 verbose reify failed optional dependency C:\Users\Joud Alharbi\Desktop\Almoheet\node_modules\@unrs\resolver-binding-freebsd-x64
657 silly reify mark deleted [
657 silly reify   'C:\\Users\\Joud Alharbi\\Desktop\\Almoheet\\node_modules\\@unrs\\resolver-binding-freebsd-x64'
657 silly reify ]
658 verbose reify failed optional dependency C:\Users\Joud Alharbi\Desktop\Almoheet\node_modules\@unrs\resolver-binding-darwin-x64
659 silly reify mark deleted [
659 silly reify   'C:\\Users\\Joud Alharbi\\Desktop\\Almoheet\\node_modules\\@unrs\\resolver-binding-darwin-x64'
659 silly reify ]
660 verbose reify failed optional dependency C:\Users\Joud Alharbi\Desktop\Almoheet\node_modules\@unrs\resolver-binding-darwin-arm64
661 silly reify mark deleted [
661 silly reify   'C:\\Users\\Joud Alharbi\\Desktop\\Almoheet\\node_modules\\@unrs\\resolver-binding-darwin-arm64'
661 silly reify ]
662 verbose reify failed optional dependency C:\Users\Joud Alharbi\Desktop\Almoheet\node_modules\@unrs\resolver-binding-android-arm64
663 silly reify mark deleted [
663 silly reify   'C:\\Users\\Joud Alharbi\\Desktop\\Almoheet\\node_modules\\@unrs\\resolver-binding-android-arm64'
663 silly reify ]
664 verbose reify failed optional dependency C:\Users\Joud Alharbi\Desktop\Almoheet\node_modules\@unrs\resolver-binding-android-arm-eabi
665 silly reify mark deleted [
665 silly reify   'C:\\Users\\Joud Alharbi\\Desktop\\Almoheet\\node_modules\\@unrs\\resolver-binding-android-arm-eabi'
665 silly reify ]
666 verbose reify failed optional dependency C:\Users\Joud Alharbi\Desktop\Almoheet\node_modules\@img\sharp-win32-ia32
667 silly reify mark deleted [
667 silly reify   'C:\\Users\\Joud Alharbi\\Desktop\\Almoheet\\node_modules\\@img\\sharp-win32-ia32'
667 silly reify ]
668 verbose reify failed optional dependency C:\Users\Joud Alharbi\Desktop\Almoheet\node_modules\@img\sharp-win32-arm64
669 silly reify mark deleted [
669 silly reify   'C:\\Users\\Joud Alharbi\\Desktop\\Almoheet\\node_modules\\@img\\sharp-win32-arm64'
669 silly reify ]
670 verbose reify failed optional dependency C:\Users\Joud Alharbi\Desktop\Almoheet\node_modules\@img\sharp-webcontainers-wasm32
671 silly reify mark deleted [
671 silly reify   'C:\\Users\\Joud Alharbi\\Desktop\\Almoheet\\node_modules\\@img\\sharp-webcontainers-wasm32'
671 silly reify ]
672 verbose reify failed optional dependency C:\Users\Joud Alharbi\Desktop\Almoheet\node_modules\@img\sharp-linuxmusl-x64
673 silly reify mark deleted [
673 silly reify   'C:\\Users\\Joud Alharbi\\Desktop\\Almoheet\\node_modules\\@img\\sharp-linuxmusl-x64'
673 silly reify ]
674 verbose reify failed optional dependency C:\Users\Joud Alharbi\Desktop\Almoheet\node_modules\@img\sharp-linuxmusl-arm64
675 silly reify mark deleted [
675 silly reify   'C:\\Users\\Joud Alharbi\\Desktop\\Almoheet\\node_modules\\@img\\sharp-linuxmusl-arm64'
675 silly reify ]
676 verbose reify failed optional dependency C:\Users\Joud Alharbi\Desktop\Almoheet\node_modules\@img\sharp-linux-x64
677 silly reify mark deleted [
677 silly reify   'C:\\Users\\Joud Alharbi\\Desktop\\Almoheet\\node_modules\\@img\\sharp-linux-x64'
677 silly reify ]
678 verbose reify failed optional dependency C:\Users\Joud Alharbi\Desktop\Almoheet\node_modules\@img\sharp-linux-s390x
679 silly reify mark deleted [
679 silly reify   'C:\\Users\\Joud Alharbi\\Desktop\\Almoheet\\node_modules\\@img\\sharp-linux-s390x'
679 silly reify ]
680 verbose reify failed optional dependency C:\Users\Joud Alharbi\Desktop\Almoheet\node_modules\@img\sharp-linux-riscv64
681 silly reify mark deleted [
681 silly reify   'C:\\Users\\Joud Alharbi\\Desktop\\Almoheet\\node_modules\\@img\\sharp-linux-riscv64'
681 silly reify ]
682 verbose reify failed optional dependency C:\Users\Joud Alharbi\Desktop\Almoheet\node_modules\@img\sharp-linux-ppc64
683 silly reify mark deleted [
683 silly reify   'C:\\Users\\Joud Alharbi\\Desktop\\Almoheet\\node_modules\\@img\\sharp-linux-ppc64'
683 silly reify ]
684 verbose reify failed optional dependency C:\Users\Joud Alharbi\Desktop\Almoheet\node_modules\@img\sharp-linux-arm64
685 silly reify mark deleted [
685 silly reify   'C:\\Users\\Joud Alharbi\\Desktop\\Almoheet\\node_modules\\@img\\sharp-linux-arm64'
685 silly reify ]
686 verbose reify failed optional dependency C:\Users\Joud Alharbi\Desktop\Almoheet\node_modules\@img\sharp-linux-arm
687 silly reify mark deleted [
687 silly reify   'C:\\Users\\Joud Alharbi\\Desktop\\Almoheet\\node_modules\\@img\\sharp-linux-arm'
687 silly reify ]
688 verbose reify failed optional dependency C:\Users\Joud Alharbi\Desktop\Almoheet\node_modules\@img\sharp-libvips-linuxmusl-x64
689 silly reify mark deleted [
689 silly reify   'C:\\Users\\Joud Alharbi\\Desktop\\Almoheet\\node_modules\\@img\\sharp-libvips-linuxmusl-x64'
689 silly reify ]
690 verbose reify failed optional dependency C:\Users\Joud Alharbi\Desktop\Almoheet\node_modules\@img\sharp-libvips-linuxmusl-arm64
691 silly reify mark deleted [
691 silly reify   'C:\\Users\\Joud Alharbi\\Desktop\\Almoheet\\node_modules\\@img\\sharp-libvips-linuxmusl-arm64'
691 silly reify ]
692 verbose reify failed optional dependency C:\Users\Joud Alharbi\Desktop\Almoheet\node_modules\@img\sharp-libvips-linux-x64
693 silly reify mark deleted [
693 silly reify   'C:\\Users\\Joud Alharbi\\Desktop\\Almoheet\\node_modules\\@img\\sharp-libvips-linux-x64'
693 silly reify ]
694 verbose reify failed optional dependency C:\Users\Joud Alharbi\Desktop\Almoheet\node_modules\@img\sharp-libvips-linux-s390x
695 silly reify mark deleted [
695 silly reify   'C:\\Users\\Joud Alharbi\\Desktop\\Almoheet\\node_modules\\@img\\sharp-libvips-linux-s390x'
695 silly reify ]
696 verbose reify failed optional dependency C:\Users\Joud Alharbi\Desktop\Almoheet\node_modules\@img\sharp-libvips-linux-riscv64
697 silly reify mark deleted [
697 silly reify   'C:\\Users\\Joud Alharbi\\Desktop\\Almoheet\\node_modules\\@img\\sharp-libvips-linux-riscv64'
697 silly reify ]
698 verbose reify failed optional dependency C:\Users\Joud Alharbi\Desktop\Almoheet\node_modules\@img\sharp-libvips-linux-ppc64
699 silly reify mark deleted [
699 silly reify   'C:\\Users\\Joud Alharbi\\Desktop\\Almoheet\\node_modules\\@img\\sharp-libvips-linux-ppc64'
699 silly reify ]
700 verbose reify failed optional dependency C:\Users\Joud Alharbi\Desktop\Almoheet\node_modules\@img\sharp-libvips-linux-arm64
701 silly reify mark deleted [
701 silly reify   'C:\\Users\\Joud Alharbi\\Desktop\\Almoheet\\node_modules\\@img\\sharp-libvips-linux-arm64'
701 silly reify ]
702 verbose reify failed optional dependency C:\Users\Joud Alharbi\Desktop\Almoheet\node_modules\@img\sharp-libvips-linux-arm
703 silly reify mark deleted [
703 silly reify   'C:\\Users\\Joud Alharbi\\Desktop\\Almoheet\\node_modules\\@img\\sharp-libvips-linux-arm'
703 silly reify ]
704 verbose reify failed optional dependency C:\Users\Joud Alharbi\Desktop\Almoheet\node_modules\@img\sharp-libvips-darwin-x64
705 silly reify mark deleted [
705 silly reify   'C:\\Users\\Joud Alharbi\\Desktop\\Almoheet\\node_modules\\@img\\sharp-libvips-darwin-x64'
705 silly reify ]
706 verbose reify failed optional dependency C:\Users\Joud Alharbi\Desktop\Almoheet\node_modules\@img\sharp-libvips-darwin-arm64
707 silly reify mark deleted [
707 silly reify   'C:\\Users\\Joud Alharbi\\Desktop\\Almoheet\\node_modules\\@img\\sharp-libvips-darwin-arm64'
707 silly reify ]
708 verbose reify failed optional dependency C:\Users\Joud Alharbi\Desktop\Almoheet\node_modules\@img\sharp-freebsd-wasm32
709 silly reify mark deleted [
709 silly reify   'C:\\Users\\Joud Alharbi\\Desktop\\Almoheet\\node_modules\\@img\\sharp-freebsd-wasm32'
709 silly reify ]
710 verbose reify failed optional dependency C:\Users\Joud Alharbi\Desktop\Almoheet\node_modules\@img\sharp-darwin-x64
711 silly reify mark deleted [
711 silly reify   'C:\\Users\\Joud Alharbi\\Desktop\\Almoheet\\node_modules\\@img\\sharp-darwin-x64'
711 silly reify ]
712 verbose reify failed optional dependency C:\Users\Joud Alharbi\Desktop\Almoheet\node_modules\@img\sharp-darwin-arm64
713 silly reify mark deleted [
713 silly reify   'C:\\Users\\Joud Alharbi\\Desktop\\Almoheet\\node_modules\\@img\\sharp-darwin-arm64'
713 silly reify ]
714 http cache ts-api-utils@https://registry.npmjs.org/ts-api-utils/-/ts-api-utils-2.5.0.tgz 0ms (cache hit)
715 http cache @typescript-eslint/tsconfig-utils@https://registry.npmjs.org/@typescript-eslint/tsconfig-utils/-/tsconfig-utils-8.61.1.tgz 1ms (cache hit)
716 http cache @typescript-eslint/project-service@https://registry.npmjs.org/@typescript-eslint/project-service/-/project-service-8.61.1.tgz 0ms (cache hit)
717 http cache @typescript-eslint/types@https://registry.npmjs.org/@typescript-eslint/types/-/types-8.61.1.tgz 0ms (cache hit)
718 http cache @typescript-eslint/visitor-keys@https://registry.npmjs.org/@typescript-eslint/visitor-keys/-/visitor-keys-8.61.1.tgz 0ms (cache hit)
719 http cache @typescript-eslint/type-utils@https://registry.npmjs.org/@typescript-eslint/type-utils/-/type-utils-8.61.1.tgz 0ms (cache hit)
720 http cache @typescript-eslint/scope-manager@https://registry.npmjs.org/@typescript-eslint/scope-manager/-/scope-manager-8.61.1.tgz 0ms (cache hit)
721 http cache @typescript-eslint/utils@https://registry.npmjs.org/@typescript-eslint/utils/-/utils-8.61.1.tgz 0ms (cache hit)
722 http cache @typescript-eslint/parser@https://registry.npmjs.org/@typescript-eslint/parser/-/parser-8.61.1.tgz 0ms (cache hit)
723 http cache @typescript-eslint/eslint-plugin@https://registry.npmjs.org/@typescript-eslint/eslint-plugin/-/eslint-plugin-8.61.1.tgz 0ms (cache hit)
724 http cache @typescript-eslint/typescript-estree@https://registry.npmjs.org/@typescript-eslint/typescript-estree/-/typescript-estree-8.61.1.tgz 0ms (cache hit)
725 http cache yallist@https://registry.npmjs.org/yallist/-/yallist-3.1.1.tgz 0ms (cache hit)
726 http cache @next/swc-win32-x64-msvc@https://registry.npmjs.org/@next/swc-win32-x64-msvc/-/swc-win32-x64-msvc-16.2.9.tgz 0ms (cache hit)
727 http cache hermes-estree@https://registry.npmjs.org/hermes-estree/-/hermes-estree-0.25.1.tgz 0ms (cache hit)
728 http cache @next/env@https://registry.npmjs.org/@next/env/-/env-16.2.9.tgz 0ms (cache hit)
729 http cache @babel/helper-string-parser@https://registry.npmjs.org/@babel/helper-string-parser/-/helper-string-parser-7.29.7.tgz 0ms (cache hit)
730 http cache @babel/helper-globals@https://registry.npmjs.org/@babel/helper-globals/-/helper-globals-7.29.7.tgz 0ms (cache hit)
731 http cache lru-cache@https://registry.npmjs.org/lru-cache/-/lru-cache-5.1.1.tgz 0ms (cache hit)
732 http cache @babel/helper-validator-option@https://registry.npmjs.org/@babel/helper-validator-option/-/helper-validator-option-7.29.7.tgz 0ms (cache hit)
733 http cache @babel/helper-module-imports@https://registry.npmjs.org/@babel/helper-module-imports/-/helper-module-imports-7.29.7.tgz 0ms (cache hit)
734 http cache @babel/compat-data@https://registry.npmjs.org/@babel/compat-data/-/compat-data-7.29.7.tgz 0ms (cache hit)
735 http cache jsesc@https://registry.npmjs.org/jsesc/-/jsesc-3.1.0.tgz 0ms (cache hit)
736 http cache @babel/helper-validator-identifier@https://registry.npmjs.org/@babel/helper-validator-identifier/-/helper-validator-identifier-7.29.7.tgz 0ms (cache hit)
737 http cache convert-source-map@https://registry.npmjs.org/convert-source-map/-/convert-source-map-2.0.0.tgz 0ms (cache hit)
738 http cache gensync@https://registry.npmjs.org/gensync/-/gensync-1.0.0-beta.2.tgz 0ms (cache hit)
739 http cache @babel/types@https://registry.npmjs.org/@babel/types/-/types-7.29.7.tgz 0ms (cache hit)
740 http cache @jridgewell/remapping@https://registry.npmjs.org/@jridgewell/remapping/-/remapping-2.3.5.tgz 0ms (cache hit)
741 http cache @babel/template@https://registry.npmjs.org/@babel/template/-/template-7.29.7.tgz 0ms (cache hit)
742 http cache @babel/helpers@https://registry.npmjs.org/@babel/helpers/-/helpers-7.29.7.tgz 0ms (cache hit)
743 http cache @babel/helper-module-transforms@https://registry.npmjs.org/@babel/helper-module-transforms/-/helper-module-transforms-7.29.7.tgz 0ms (cache hit)
744 http cache @babel/traverse@https://registry.npmjs.org/@babel/traverse/-/traverse-7.29.7.tgz 0ms (cache hit)
745 http cache zod-validation-error@https://registry.npmjs.org/zod-validation-error/-/zod-validation-error-4.0.2.tgz 0ms (cache hit)
746 http cache @babel/helper-compilation-targets@https://registry.npmjs.org/@babel/helper-compilation-targets/-/helper-compilation-targets-7.29.7.tgz 0ms (cache hit)
747 http cache @babel/generator@https://registry.npmjs.org/@babel/generator/-/generator-7.29.7.tgz 0ms (cache hit)
748 http cache zod@https://registry.npmjs.org/zod/-/zod-4.4.3.tgz 0ms (cache hit)
749 http cache @babel/code-frame@https://registry.npmjs.org/@babel/code-frame/-/code-frame-7.29.7.tgz 0ms (cache hit)
750 http cache hermes-parser@https://registry.npmjs.org/hermes-parser/-/hermes-parser-0.25.1.tgz 0ms (cache hit)
751 http cache typescript-eslint@https://registry.npmjs.org/typescript-eslint/-/typescript-eslint-8.61.1.tgz 0ms (cache hit)
752 http cache @babel/core@https://registry.npmjs.org/@babel/core/-/core-7.29.7.tgz 0ms (cache hit)
753 http cache @babel/parser@https://registry.npmjs.org/@babel/parser/-/parser-7.29.7.tgz 0ms (cache hit)
754 http cache fast-glob@https://registry.npmjs.org/fast-glob/-/fast-glob-3.3.1.tgz 0ms (cache hit)
755 http cache next@https://registry.npmjs.org/next/-/next-16.2.9.tgz 0ms (cache hit)
756 http cache @next/eslint-plugin-next@https://registry.npmjs.org/@next/eslint-plugin-next/-/eslint-plugin-next-16.2.9.tgz 0ms (cache hit)
757 http cache eslint-plugin-react-hooks@https://registry.npmjs.org/eslint-plugin-react-hooks/-/eslint-plugin-react-hooks-7.1.1.tgz 0ms (cache hit)
758 http cache eslint-config-next@https://registry.npmjs.org/eslint-config-next/-/eslint-config-next-16.2.9.tgz 0ms (cache hit)
759 http cache yocto-queue@https://registry.npmjs.org/yocto-queue/-/yocto-queue-0.1.0.tgz 0ms (cache hit)
760 http cache word-wrap@https://registry.npmjs.org/word-wrap/-/word-wrap-1.2.5.tgz 0ms (cache hit)
761 http cache which-typed-array@https://registry.npmjs.org/which-typed-array/-/which-typed-array-1.1.22.tgz 0ms (cache hit)
762 http cache which-collection@https://registry.npmjs.org/which-collection/-/which-collection-1.0.2.tgz 1ms (cache hit)
763 http cache which-builtin-type@https://registry.npmjs.org/which-builtin-type/-/which-builtin-type-1.2.1.tgz 0ms (cache hit)
764 http cache which@https://registry.npmjs.org/which/-/which-2.0.2.tgz 0ms (cache hit)
765 http cache uri-js@https://registry.npmjs.org/uri-js/-/uri-js-4.4.1.tgz 0ms (cache hit)
766 http cache which-boxed-primitive@https://registry.npmjs.org/which-boxed-primitive/-/which-boxed-primitive-1.1.1.tgz 0ms (cache hit)
767 http cache util-deprecate@https://registry.npmjs.org/util-deprecate/-/util-deprecate-1.0.2.tgz 0ms (cache hit)
768 http cache update-browserslist-db@https://registry.npmjs.org/update-browserslist-db/-/update-browserslist-db-1.2.3.tgz 0ms (cache hit)
769 http cache undici-types@https://registry.npmjs.org/undici-types/-/undici-types-6.21.0.tgz 0ms (cache hit)
770 http cache unrs-resolver@https://registry.npmjs.org/unrs-resolver/-/unrs-resolver-1.12.2.tgz 0ms (cache hit)
771 http cache typescript@https://registry.npmjs.org/typescript/-/typescript-5.9.3.tgz 0ms (cache hit)
772 http cache typed-array-length@https://registry.npmjs.org/typed-array-length/-/typed-array-length-1.0.8.tgz 0ms (cache hit)
773 http cache unbox-primitive@https://registry.npmjs.org/unbox-primitive/-/unbox-primitive-1.1.0.tgz 0ms (cache hit)
774 http cache typed-array-byte-length@https://registry.npmjs.org/typed-array-byte-length/-/typed-array-byte-length-1.0.3.tgz 0ms (cache hit)
775 http cache typed-array-byte-offset@https://registry.npmjs.org/typed-array-byte-offset/-/typed-array-byte-offset-1.0.4.tgz 0ms (cache hit)
776 http cache type-check@https://registry.npmjs.org/type-check/-/type-check-0.4.0.tgz 0ms (cache hit)
777 http cache tsconfig-paths@https://registry.npmjs.org/tsconfig-paths/-/tsconfig-paths-3.15.0.tgz 0ms (cache hit)
778 http cache typed-array-buffer@https://registry.npmjs.org/typed-array-buffer/-/typed-array-buffer-1.0.3.tgz 0ms (cache hit)
779 http cache tinyglobby@https://registry.npmjs.org/tinyglobby/-/tinyglobby-0.2.17.tgz 0ms (cache hit)
780 http cache ts-interface-checker@https://registry.npmjs.org/ts-interface-checker/-/ts-interface-checker-0.1.13.tgz 0ms (cache hit)
781 http cache tslib@https://registry.npmjs.org/tslib/-/tslib-2.8.1.tgz 0ms (cache hit)
782 http cache thenify@https://registry.npmjs.org/thenify/-/thenify-3.3.1.tgz 0ms (cache hit)
783 http cache thenify-all@https://registry.npmjs.org/thenify-all/-/thenify-all-1.6.0.tgz 0ms (cache hit)
784 http cache to-regex-range@https://registry.npmjs.org/to-regex-range/-/to-regex-range-5.0.1.tgz 0ms (cache hit)
785 http cache tailwindcss@https://registry.npmjs.org/tailwindcss/-/tailwindcss-3.4.19.tgz 0ms (cache hit)
786 http cache supports-color@https://registry.npmjs.org/supports-color/-/supports-color-7.2.0.tgz 0ms (cache hit)
787 http cache supports-preserve-symlinks-flag@https://registry.npmjs.org/supports-preserve-symlinks-flag/-/supports-preserve-symlinks-flag-1.0.0.tgz 0ms (cache hit)
788 http cache strip-bom@https://registry.npmjs.org/strip-bom/-/strip-bom-3.0.0.tgz 0ms (cache hit)
789 http cache sucrase@https://registry.npmjs.org/sucrase/-/sucrase-3.35.1.tgz 0ms (cache hit)
790 http cache styled-jsx@https://registry.npmjs.org/styled-jsx/-/styled-jsx-5.1.6.tgz 0ms (cache hit)
791 http cache string.prototype.trimstart@https://registry.npmjs.org/string.prototype.trimstart/-/string.prototype.trimstart-1.0.8.tgz 0ms (cache hit)
792 http cache strip-json-comments@https://registry.npmjs.org/strip-json-comments/-/strip-json-comments-3.1.1.tgz 0ms (cache hit)
793 http cache string.prototype.trimend@https://registry.npmjs.org/string.prototype.trimend/-/string.prototype.trimend-1.0.10.tgz 0ms (cache hit)
794 http cache string.prototype.repeat@https://registry.npmjs.org/string.prototype.repeat/-/string.prototype.repeat-1.0.0.tgz 0ms (cache hit)
795 http cache string.prototype.trim@https://registry.npmjs.org/string.prototype.trim/-/string.prototype.trim-1.2.11.tgz 0ms (cache hit)
796 http cache string.prototype.matchall@https://registry.npmjs.org/string.prototype.matchall/-/string.prototype.matchall-4.0.12.tgz 0ms (cache hit)
797 http cache stop-iteration-iterator@https://registry.npmjs.org/stop-iteration-iterator/-/stop-iteration-iterator-1.1.0.tgz 0ms (cache hit)
798 http cache stable-hash@https://registry.npmjs.org/stable-hash/-/stable-hash-0.0.5.tgz 0ms (cache hit)
799 http cache string.prototype.includes@https://registry.npmjs.org/string.prototype.includes/-/string.prototype.includes-2.0.1.tgz 0ms (cache hit)
800 http cache side-channel-map@https://registry.npmjs.org/side-channel-map/-/side-channel-map-1.0.1.tgz 0ms (cache hit)
801 http cache source-map-js@https://registry.npmjs.org/source-map-js/-/source-map-js-1.2.1.tgz 0ms (cache hit)
802 http cache side-channel-weakmap@https://registry.npmjs.org/side-channel-weakmap/-/side-channel-weakmap-1.0.2.tgz 0ms (cache hit)
803 http cache side-channel-list@https://registry.npmjs.org/side-channel-list/-/side-channel-list-1.0.1.tgz 0ms (cache hit)
804 http cache set-proto@https://registry.npmjs.org/set-proto/-/set-proto-1.0.0.tgz 0ms (cache hit)
805 http cache shebang-command@https://registry.npmjs.org/shebang-command/-/shebang-command-2.0.0.tgz 0ms (cache hit)
806 http cache shebang-regex@https://registry.npmjs.org/shebang-regex/-/shebang-regex-3.0.0.tgz 0ms (cache hit)
807 http cache side-channel@https://registry.npmjs.org/side-channel/-/side-channel-1.1.1.tgz 0ms (cache hit)
808 http cache set-function-name@https://registry.npmjs.org/set-function-name/-/set-function-name-2.0.2.tgz 0ms (cache hit)
809 http cache set-function-length@https://registry.npmjs.org/set-function-length/-/set-function-length-1.2.2.tgz 0ms (cache hit)
810 http cache scheduler@https://registry.npmjs.org/scheduler/-/scheduler-0.27.0.tgz 0ms (cache hit)
811 http cache sharp@https://registry.npmjs.org/sharp/-/sharp-0.35.1.tgz 0ms (cache hit)
812 http cache safe-regex-test@https://registry.npmjs.org/safe-regex-test/-/safe-regex-test-1.1.0.tgz 0ms (cache hit)
813 http cache semver@https://registry.npmjs.org/semver/-/semver-7.8.4.tgz 0ms (cache hit)
814 http cache safe-array-concat@https://registry.npmjs.org/safe-array-concat/-/safe-array-concat-1.1.4.tgz 0ms (cache hit)
815 http cache safe-push-apply@https://registry.npmjs.org/safe-push-apply/-/safe-push-apply-1.0.0.tgz 0ms (cache hit)
816 http cache reusify@https://registry.npmjs.org/reusify/-/reusify-1.1.0.tgz 0ms (cache hit)
817 http cache run-parallel@https://registry.npmjs.org/run-parallel/-/run-parallel-1.2.0.tgz 0ms (cache hit)
818 http cache resolve-from@https://registry.npmjs.org/resolve-from/-/resolve-from-4.0.0.tgz 0ms (cache hit)
819 http cache resolve-pkg-maps@https://registry.npmjs.org/resolve-pkg-maps/-/resolve-pkg-maps-1.0.0.tgz 0ms (cache hit)
820 http cache resolve@https://registry.npmjs.org/resolve/-/resolve-2.0.0-next.7.tgz 0ms (cache hit)
821 http cache regexp.prototype.flags@https://registry.npmjs.org/regexp.prototype.flags/-/regexp.prototype.flags-1.5.4.tgz 0ms (cache hit)
822 http cache reflect.getprototypeof@https://registry.npmjs.org/reflect.getprototypeof/-/reflect.getprototypeof-1.0.10.tgz 0ms (cache hit)
823 http cache readdirp@https://registry.npmjs.org/readdirp/-/readdirp-3.6.0.tgz 0ms (cache hit)
824 http cache read-cache@https://registry.npmjs.org/read-cache/-/read-cache-1.0.0.tgz 0ms (cache hit)
825 http cache react-is@https://registry.npmjs.org/react-is/-/react-is-16.13.1.tgz 0ms (cache hit)
826 http cache react@https://registry.npmjs.org/react/-/react-19.2.7.tgz 0ms (cache hit)
827 http cache queue-microtask@https://registry.npmjs.org/queue-microtask/-/queue-microtask-1.2.3.tgz 0ms (cache hit)
828 http cache react-dom@https://registry.npmjs.org/react-dom/-/react-dom-19.2.7.tgz 0ms (cache hit)
829 http cache punycode@https://registry.npmjs.org/punycode/-/punycode-2.3.1.tgz 0ms (cache hit)
830 http cache postcss-value-parser@https://registry.npmjs.org/postcss-value-parser/-/postcss-value-parser-4.2.0.tgz 0ms (cache hit)
831 http cache prop-types@https://registry.npmjs.org/prop-types/-/prop-types-15.8.1.tgz 0ms (cache hit)
832 http cache prelude-ls@https://registry.npmjs.org/prelude-ls/-/prelude-ls-1.2.1.tgz 0ms (cache hit)
833 http cache postcss-nested@https://registry.npmjs.org/postcss-nested/-/postcss-nested-6.2.0.tgz 0ms (cache hit)
834 http cache postcss-load-config@https://registry.npmjs.org/postcss-load-config/-/postcss-load-config-6.0.1.tgz 0ms (cache hit)
835 http cache postcss-selector-parser@https://registry.npmjs.org/postcss-selector-parser/-/postcss-selector-parser-6.1.2.tgz 0ms (cache hit)
836 http cache postcss-js@https://registry.npmjs.org/postcss-js/-/postcss-js-4.1.0.tgz 0ms (cache hit)
837 http cache postcss-import@https://registry.npmjs.org/postcss-import/-/postcss-import-15.1.0.tgz 0ms (cache hit)
838 http cache pirates@https://registry.npmjs.org/pirates/-/pirates-4.0.7.tgz 0ms (cache hit)
839 http cache postcss@https://registry.npmjs.org/postcss/-/postcss-8.5.15.tgz 0ms (cache hit)
840 http cache possible-typed-array-names@https://registry.npmjs.org/possible-typed-array-names/-/possible-typed-array-names-1.1.0.tgz 0ms (cache hit)
841 http cache picocolors@https://registry.npmjs.org/picocolors/-/picocolors-1.1.1.tgz 0ms (cache hit)
842 http cache picomatch@https://registry.npmjs.org/picomatch/-/picomatch-2.3.2.tgz 0ms (cache hit)
843 http cache pify@https://registry.npmjs.org/pify/-/pify-2.3.0.tgz 0ms (cache hit)
844 http cache path-parse@https://registry.npmjs.org/path-parse/-/path-parse-1.0.7.tgz 0ms (cache hit)
845 http cache path-key@https://registry.npmjs.org/path-key/-/path-key-3.1.1.tgz 0ms (cache hit)
846 http cache path-exists@https://registry.npmjs.org/path-exists/-/path-exists-4.0.0.tgz 0ms (cache hit)
847 http cache parent-module@https://registry.npmjs.org/parent-module/-/parent-module-1.0.1.tgz 0ms (cache hit)
848 http cache p-locate@https://registry.npmjs.org/p-locate/-/p-locate-5.0.0.tgz 0ms (cache hit)
849 http cache own-keys@https://registry.npmjs.org/own-keys/-/own-keys-1.0.1.tgz 0ms (cache hit)
850 http cache optionator@https://registry.npmjs.org/optionator/-/optionator-0.9.4.tgz 0ms (cache hit)
851 http cache p-limit@https://registry.npmjs.org/p-limit/-/p-limit-3.1.0.tgz 0ms (cache hit)
852 http cache object.groupby@https://registry.npmjs.org/object.groupby/-/object.groupby-1.0.3.tgz 0ms (cache hit)
853 http cache object.fromentries@https://registry.npmjs.org/object.fromentries/-/object.fromentries-2.0.8.tgz 0ms (cache hit)
854 http cache object.values@https://registry.npmjs.org/object.values/-/object.values-1.2.1.tgz 0ms (cache hit)
855 http cache object.assign@https://registry.npmjs.org/object.assign/-/object.assign-4.1.7.tgz 0ms (cache hit)
856 http cache object.entries@https://registry.npmjs.org/object.entries/-/object.entries-1.1.9.tgz 0ms (cache hit)
857 http cache object-keys@https://registry.npmjs.org/object-keys/-/object-keys-1.1.1.tgz 0ms (cache hit)
858 http cache object-inspect@https://registry.npmjs.org/object-inspect/-/object-inspect-1.13.4.tgz 0ms (cache hit)
859 http cache object-hash@https://registry.npmjs.org/object-hash/-/object-hash-3.0.0.tgz 0ms (cache hit)
860 http cache normalize-path@https://registry.npmjs.org/normalize-path/-/normalize-path-3.0.0.tgz 0ms (cache hit)
861 http cache node-releases@https://registry.npmjs.org/node-releases/-/node-releases-2.0.47.tgz 0ms (cache hit)
862 http cache object-assign@https://registry.npmjs.org/object-assign/-/object-assign-4.1.1.tgz 0ms (cache hit)
863 http cache natural-compare@https://registry.npmjs.org/natural-compare/-/natural-compare-1.4.0.tgz 0ms (cache hit)
864 http cache nanoid@https://registry.npmjs.org/nanoid/-/nanoid-3.3.12.tgz 0ms (cache hit)
865 http cache napi-postinstall@https://registry.npmjs.org/napi-postinstall/-/napi-postinstall-0.3.4.tgz 0ms (cache hit)
866 http cache node-exports-info@https://registry.npmjs.org/node-exports-info/-/node-exports-info-1.6.0.tgz 0ms (cache hit)
867 http cache mz@https://registry.npmjs.org/mz/-/mz-2.7.0.tgz 0ms (cache hit)
868 http cache ms@https://registry.npmjs.org/ms/-/ms-2.1.3.tgz 0ms (cache hit)
869 http cache motion-dom@https://registry.npmjs.org/motion-dom/-/motion-dom-11.18.1.tgz 0ms (cache hit)
870 http cache motion-utils@https://registry.npmjs.org/motion-utils/-/motion-utils-11.18.1.tgz 0ms (cache hit)
871 http cache minimist@https://registry.npmjs.org/minimist/-/minimist-1.2.8.tgz 0ms (cache hit)
872 http cache micromatch@https://registry.npmjs.org/micromatch/-/micromatch-4.0.8.tgz 0ms (cache hit)
873 http cache minimatch@https://registry.npmjs.org/minimatch/-/minimatch-3.1.5.tgz 0ms (cache hit)
874 http cache lodash.merge@https://registry.npmjs.org/lodash.merge/-/lodash.merge-4.6.2.tgz 0ms (cache hit)
875 http cache merge2@https://registry.npmjs.org/merge2/-/merge2-1.4.1.tgz 0ms (cache hit)
876 http cache loose-envify@https://registry.npmjs.org/loose-envify/-/loose-envify-1.4.0.tgz 0ms (cache hit)
877 http cache math-intrinsics@https://registry.npmjs.org/math-intrinsics/-/math-intrinsics-1.1.0.tgz 0ms (cache hit)
878 http cache locate-path@https://registry.npmjs.org/locate-path/-/locate-path-6.0.0.tgz 0ms (cache hit)
879 http cache lilconfig@https://registry.npmjs.org/lilconfig/-/lilconfig-3.1.3.tgz 0ms (cache hit)
880 http cache levn@https://registry.npmjs.org/levn/-/levn-0.4.1.tgz 0ms (cache hit)
881 http cache language-tags@https://registry.npmjs.org/language-tags/-/language-tags-1.0.9.tgz 0ms (cache hit)
882 http cache lines-and-columns@https://registry.npmjs.org/lines-and-columns/-/lines-and-columns-1.2.4.tgz 0ms (cache hit)
883 http cache language-subtag-registry@https://registry.npmjs.org/language-subtag-registry/-/language-subtag-registry-0.3.23.tgz 0ms (cache hit)
884 http cache keyv@https://registry.npmjs.org/keyv/-/keyv-4.5.4.tgz 0ms (cache hit)
885 http cache jsx-ast-utils@https://registry.npmjs.org/jsx-ast-utils/-/jsx-ast-utils-3.3.5.tgz 0ms (cache hit)
886 http cache json5@https://registry.npmjs.org/json5/-/json5-1.0.2.tgz 0ms (cache hit)
887 http cache json-schema-traverse@https://registry.npmjs.org/json-schema-traverse/-/json-schema-traverse-0.4.1.tgz 0ms (cache hit)
888 http cache json-stable-stringify-without-jsonify@https://registry.npmjs.org/json-stable-stringify-without-jsonify/-/json-stable-stringify-without-jsonify-1.0.1.tgz 0ms (cache hit)
889 http cache json-buffer@https://registry.npmjs.org/json-buffer/-/json-buffer-3.0.1.tgz 0ms (cache hit)
890 http cache js-yaml@https://registry.npmjs.org/js-yaml/-/js-yaml-4.2.0.tgz 0ms (cache hit)
891 http cache js-tokens@https://registry.npmjs.org/js-tokens/-/js-tokens-4.0.0.tgz 0ms (cache hit)
892 http cache jiti@https://registry.npmjs.org/jiti/-/jiti-1.21.7.tgz 0ms (cache hit)
893 http cache isarray@https://registry.npmjs.org/isarray/-/isarray-2.0.5.tgz 0ms (cache hit)
894 http cache isexe@https://registry.npmjs.org/isexe/-/isexe-2.0.0.tgz 0ms (cache hit)
895 http cache iterator.prototype@https://registry.npmjs.org/iterator.prototype/-/iterator.prototype-1.1.5.tgz 0ms (cache hit)
896 http cache is-weakset@https://registry.npmjs.org/is-weakset/-/is-weakset-2.0.4.tgz 0ms (cache hit)
897 http cache is-typed-array@https://registry.npmjs.org/is-typed-array/-/is-typed-array-1.1.15.tgz 0ms (cache hit)
898 http cache is-string@https://registry.npmjs.org/is-string/-/is-string-1.1.1.tgz 0ms (cache hit)
899 http cache is-weakref@https://registry.npmjs.org/is-weakref/-/is-weakref-1.1.1.tgz 0ms (cache hit)
900 http cache is-weakmap@https://registry.npmjs.org/is-weakmap/-/is-weakmap-2.0.2.tgz 0ms (cache hit)
901 http cache is-symbol@https://registry.npmjs.org/is-symbol/-/is-symbol-1.1.1.tgz 0ms (cache hit)
902 http cache is-set@https://registry.npmjs.org/is-set/-/is-set-2.0.3.tgz 0ms (cache hit)
903 http cache is-number@https://registry.npmjs.org/is-number/-/is-number-7.0.0.tgz 0ms (cache hit)
904 http cache is-shared-array-buffer@https://registry.npmjs.org/is-shared-array-buffer/-/is-shared-array-buffer-1.0.4.tgz 0ms (cache hit)
905 http cache is-regex@https://registry.npmjs.org/is-regex/-/is-regex-1.2.1.tgz 0ms (cache hit)
906 http cache is-negative-zero@https://registry.npmjs.org/is-negative-zero/-/is-negative-zero-2.0.3.tgz 0ms (cache hit)
907 http cache is-number-object@https://registry.npmjs.org/is-number-object/-/is-number-object-1.1.1.tgz 0ms (cache hit)
908 http cache is-glob@https://registry.npmjs.org/is-glob/-/is-glob-4.0.3.tgz 0ms (cache hit)
909 http cache is-map@https://registry.npmjs.org/is-map/-/is-map-2.0.3.tgz 0ms (cache hit)
910 http cache is-generator-function@https://registry.npmjs.org/is-generator-function/-/is-generator-function-1.1.2.tgz 0ms (cache hit)
911 http cache is-extglob@https://registry.npmjs.org/is-extglob/-/is-extglob-2.1.1.tgz 0ms (cache hit)
912 http cache is-finalizationregistry@https://registry.npmjs.org/is-finalizationregistry/-/is-finalizationregistry-1.1.1.tgz 0ms (cache hit)
913 http cache is-data-view@https://registry.npmjs.org/is-data-view/-/is-data-view-1.0.2.tgz 0ms (cache hit)
914 http cache is-callable@https://registry.npmjs.org/is-callable/-/is-callable-1.2.7.tgz 0ms (cache hit)
915 http cache is-core-module@https://registry.npmjs.org/is-core-module/-/is-core-module-2.16.2.tgz 0ms (cache hit)
916 http cache is-bigint@https://registry.npmjs.org/is-bigint/-/is-bigint-1.1.0.tgz 0ms (cache hit)
917 http cache is-date-object@https://registry.npmjs.org/is-date-object/-/is-date-object-1.1.0.tgz 0ms (cache hit)
918 http cache is-boolean-object@https://registry.npmjs.org/is-boolean-object/-/is-boolean-object-1.2.2.tgz 0ms (cache hit)
919 http cache is-bun-module@https://registry.npmjs.org/is-bun-module/-/is-bun-module-2.0.0.tgz 0ms (cache hit)
920 http cache is-binary-path@https://registry.npmjs.org/is-binary-path/-/is-binary-path-2.1.0.tgz 0ms (cache hit)
921 http cache is-async-function@https://registry.npmjs.org/is-async-function/-/is-async-function-2.1.1.tgz 0ms (cache hit)
922 http cache is-array-buffer@https://registry.npmjs.org/is-array-buffer/-/is-array-buffer-3.0.5.tgz 0ms (cache hit)
923 http cache imurmurhash@https://registry.npmjs.org/imurmurhash/-/imurmurhash-0.1.4.tgz 0ms (cache hit)
924 http cache internal-slot@https://registry.npmjs.org/internal-slot/-/internal-slot-1.1.0.tgz 0ms (cache hit)
925 http cache ignore@https://registry.npmjs.org/ignore/-/ignore-5.3.2.tgz 0ms (cache hit)
926 http cache has-tostringtag@https://registry.npmjs.org/has-tostringtag/-/has-tostringtag-1.0.2.tgz 0ms (cache hit)
927 http cache import-fresh@https://registry.npmjs.org/import-fresh/-/import-fresh-3.3.1.tgz 0ms (cache hit)
928 http cache hasown@https://registry.npmjs.org/hasown/-/hasown-2.0.4.tgz 0ms (cache hit)
929 http cache has-symbols@https://registry.npmjs.org/has-symbols/-/has-symbols-1.1.0.tgz 0ms (cache hit)
930 http cache has-proto@https://registry.npmjs.org/has-proto/-/has-proto-1.2.0.tgz 0ms (cache hit)
931 http cache has-property-descriptors@https://registry.npmjs.org/has-property-descriptors/-/has-property-descriptors-1.0.2.tgz 0ms (cache hit)
932 http cache has-flag@https://registry.npmjs.org/has-flag/-/has-flag-4.0.0.tgz 0ms (cache hit)
933 http cache has-bigints@https://registry.npmjs.org/has-bigints/-/has-bigints-1.1.0.tgz 0ms (cache hit)
934 http cache gopd@https://registry.npmjs.org/gopd/-/gopd-1.2.0.tgz 0ms (cache hit)
935 http cache globals@https://registry.npmjs.org/globals/-/globals-14.0.0.tgz 0ms (cache hit)
936 http cache globalthis@https://registry.npmjs.org/globalthis/-/globalthis-1.0.4.tgz 0ms (cache hit)
937 http cache glob-parent@https://registry.npmjs.org/glob-parent/-/glob-parent-6.0.2.tgz 0ms (cache hit)
938 http cache get-symbol-description@https://registry.npmjs.org/get-symbol-description/-/get-symbol-description-1.1.0.tgz 0ms (cache hit)
939 http cache get-tsconfig@https://registry.npmjs.org/get-tsconfig/-/get-tsconfig-4.14.0.tgz 0ms (cache hit)
940 http cache generator-function@https://registry.npmjs.org/generator-function/-/generator-function-2.0.1.tgz 0ms (cache hit)
941 http cache get-intrinsic@https://registry.npmjs.org/get-intrinsic/-/get-intrinsic-1.3.0.tgz 0ms (cache hit)
942 http cache functions-have-names@https://registry.npmjs.org/functions-have-names/-/functions-have-names-1.2.3.tgz 0ms (cache hit)
943 http cache get-proto@https://registry.npmjs.org/get-proto/-/get-proto-1.0.1.tgz 0ms (cache hit)
944 http cache function-bind@https://registry.npmjs.org/function-bind/-/function-bind-1.1.2.tgz 0ms (cache hit)
945 http cache function.prototype.name@https://registry.npmjs.org/function.prototype.name/-/function.prototype.name-1.1.8.tgz 0ms (cache hit)
946 http cache fraction.js@https://registry.npmjs.org/fraction.js/-/fraction.js-5.3.4.tgz 0ms (cache hit)
947 http cache for-each@https://registry.npmjs.org/for-each/-/for-each-0.3.5.tgz 0ms (cache hit)
948 http cache framer-motion@https://registry.npmjs.org/framer-motion/-/framer-motion-11.18.2.tgz 0ms (cache hit)
949 http cache fill-range@https://registry.npmjs.org/fill-range/-/fill-range-7.1.1.tgz 0ms (cache hit)
950 http cache flatted@https://registry.npmjs.org/flatted/-/flatted-3.4.2.tgz 0ms (cache hit)
951 http cache find-up@https://registry.npmjs.org/find-up/-/find-up-5.0.0.tgz 0ms (cache hit)
952 http cache fastq@https://registry.npmjs.org/fastq/-/fastq-1.20.1.tgz 0ms (cache hit)
953 http cache file-entry-cache@https://registry.npmjs.org/file-entry-cache/-/file-entry-cache-8.0.0.tgz 0ms (cache hit)
954 http cache flat-cache@https://registry.npmjs.org/flat-cache/-/flat-cache-4.0.1.tgz 0ms (cache hit)
955 http cache fast-levenshtein@https://registry.npmjs.org/fast-levenshtein/-/fast-levenshtein-2.0.6.tgz 0ms (cache hit)
956 http cache fast-json-stable-stringify@https://registry.npmjs.org/fast-json-stable-stringify/-/fast-json-stable-stringify-2.1.0.tgz 0ms (cache hit)
957 http cache esutils@https://registry.npmjs.org/esutils/-/esutils-2.0.3.tgz 0ms (cache hit)
958 http cache estraverse@https://registry.npmjs.org/estraverse/-/estraverse-5.3.0.tgz 0ms (cache hit)
959 http cache esrecurse@https://registry.npmjs.org/esrecurse/-/esrecurse-4.3.0.tgz 0ms (cache hit)
960 http cache fast-deep-equal@https://registry.npmjs.org/fast-deep-equal/-/fast-deep-equal-3.1.3.tgz 0ms (cache hit)
961 http cache eslint-scope@https://registry.npmjs.org/eslint-scope/-/eslint-scope-8.4.0.tgz 0ms (cache hit)
962 http cache espree@https://registry.npmjs.org/espree/-/espree-10.4.0.tgz 0ms (cache hit)
963 http cache esquery@https://registry.npmjs.org/esquery/-/esquery-1.7.0.tgz 0ms (cache hit)
964 http cache eslint-visitor-keys@https://registry.npmjs.org/eslint-visitor-keys/-/eslint-visitor-keys-4.2.1.tgz 0ms (cache hit)
965 http cache eslint-plugin-react@https://registry.npmjs.org/eslint-plugin-react/-/eslint-plugin-react-7.37.5.tgz 0ms (cache hit)
966 http cache eslint-plugin-jsx-a11y@https://registry.npmjs.org/eslint-plugin-jsx-a11y/-/eslint-plugin-jsx-a11y-6.10.2.tgz 0ms (cache hit)
967 http cache eslint-module-utils@https://registry.npmjs.org/eslint-module-utils/-/eslint-module-utils-2.13.0.tgz 0ms (cache hit)
968 http cache eslint-plugin-import@https://registry.npmjs.org/eslint-plugin-import/-/eslint-plugin-import-2.32.0.tgz 0ms (cache hit)
969 http cache eslint-import-resolver-typescript@https://registry.npmjs.org/eslint-import-resolver-typescript/-/eslint-import-resolver-typescript-3.10.1.tgz 0ms (cache hit)
970 http cache eslint-import-resolver-node@https://registry.npmjs.org/eslint-import-resolver-node/-/eslint-import-resolver-node-0.3.10.tgz 0ms (cache hit)
971 http cache eslint@https://registry.npmjs.org/eslint/-/eslint-9.39.4.tgz 0ms (cache hit)
972 http cache es-to-primitive@https://registry.npmjs.org/es-to-primitive/-/es-to-primitive-1.3.0.tgz 0ms (cache hit)
973 http cache escape-string-regexp@https://registry.npmjs.org/escape-string-regexp/-/escape-string-regexp-4.0.0.tgz 0ms (cache hit)
974 http cache escalade@https://registry.npmjs.org/escalade/-/escalade-3.2.0.tgz 0ms (cache hit)
975 http cache es-set-tostringtag@https://registry.npmjs.org/es-set-tostringtag/-/es-set-tostringtag-2.1.0.tgz 0ms (cache hit)
976 http cache es-iterator-helpers@https://registry.npmjs.org/es-iterator-helpers/-/es-iterator-helpers-1.3.2.tgz 0ms (cache hit)
977 http cache es-object-atoms@https://registry.npmjs.org/es-object-atoms/-/es-object-atoms-1.1.2.tgz 0ms (cache hit)
978 http cache es-shim-unscopables@https://registry.npmjs.org/es-shim-unscopables/-/es-shim-unscopables-1.1.0.tgz 0ms (cache hit)
979 http cache es-errors@https://registry.npmjs.org/es-errors/-/es-errors-1.3.0.tgz 0ms (cache hit)
980 http cache es-define-property@https://registry.npmjs.org/es-define-property/-/es-define-property-1.0.1.tgz 0ms (cache hit)
981 http cache dunder-proto@https://registry.npmjs.org/dunder-proto/-/dunder-proto-1.0.1.tgz 0ms (cache hit)
982 http cache doctrine@https://registry.npmjs.org/doctrine/-/doctrine-2.1.0.tgz 0ms (cache hit)
983 http cache es-abstract@https://registry.npmjs.org/es-abstract/-/es-abstract-1.24.2.tgz 0ms (cache hit)
984 http cache emoji-regex@https://registry.npmjs.org/emoji-regex/-/emoji-regex-9.2.2.tgz 0ms (cache hit)
985 http cache dlv@https://registry.npmjs.org/dlv/-/dlv-1.1.3.tgz 0ms (cache hit)
986 http cache electron-to-chromium@https://registry.npmjs.org/electron-to-chromium/-/electron-to-chromium-1.5.368.tgz 0ms (cache hit)
987 http cache detect-libc@https://registry.npmjs.org/detect-libc/-/detect-libc-2.1.2.tgz 0ms (cache hit)
988 http cache didyoumean@https://registry.npmjs.org/didyoumean/-/didyoumean-1.2.2.tgz 0ms (cache hit)
989 http cache define-data-property@https://registry.npmjs.org/define-data-property/-/define-data-property-1.1.4.tgz 0ms (cache hit)
990 http cache define-properties@https://registry.npmjs.org/define-properties/-/define-properties-1.2.1.tgz 1ms (cache hit)
991 http cache deep-is@https://registry.npmjs.org/deep-is/-/deep-is-0.1.4.tgz 0ms (cache hit)
992 http cache data-view-byte-offset@https://registry.npmjs.org/data-view-byte-offset/-/data-view-byte-offset-1.0.1.tgz 0ms (cache hit)
993 http cache debug@https://registry.npmjs.org/debug/-/debug-4.4.3.tgz 0ms (cache hit)
994 http cache data-view-byte-length@https://registry.npmjs.org/data-view-byte-length/-/data-view-byte-length-1.0.2.tgz 0ms (cache hit)
995 http cache damerau-levenshtein@https://registry.npmjs.org/damerau-levenshtein/-/damerau-levenshtein-1.0.8.tgz 0ms (cache hit)
996 http cache csstype@https://registry.npmjs.org/csstype/-/csstype-3.2.3.tgz 0ms (cache hit)
997 http cache commander@https://registry.npmjs.org/commander/-/commander-4.1.1.tgz 0ms (cache hit)
998 http cache concat-map@https://registry.npmjs.org/concat-map/-/concat-map-0.0.1.tgz 0ms (cache hit)
999 http cache data-view-buffer@https://registry.npmjs.org/data-view-buffer/-/data-view-buffer-1.0.2.tgz 0ms (cache hit)
1000 http cache cssesc@https://registry.npmjs.org/cssesc/-/cssesc-3.0.0.tgz 0ms (cache hit)
1001 http cache color-name@https://registry.npmjs.org/color-name/-/color-name-1.1.4.tgz 0ms (cache hit)
1002 http cache cross-spawn@https://registry.npmjs.org/cross-spawn/-/cross-spawn-7.0.6.tgz 0ms (cache hit)
1003 http cache color-convert@https://registry.npmjs.org/color-convert/-/color-convert-2.0.1.tgz 0ms (cache hit)
1004 http cache client-only@https://registry.npmjs.org/client-only/-/client-only-0.0.1.tgz 0ms (cache hit)
1005 http cache chokidar@https://registry.npmjs.org/chokidar/-/chokidar-3.6.0.tgz 0ms (cache hit)
1006 http cache chalk@https://registry.npmjs.org/chalk/-/chalk-4.1.2.tgz 0ms (cache hit)
1007 http cache callsites@https://registry.npmjs.org/callsites/-/callsites-3.1.0.tgz 0ms (cache hit)
1008 http cache call-bound@https://registry.npmjs.org/call-bound/-/call-bound-1.0.4.tgz 0ms (cache hit)
1009 http cache camelcase-css@https://registry.npmjs.org/camelcase-css/-/camelcase-css-2.0.1.tgz 0ms (cache hit)
1010 http cache caniuse-lite@https://registry.npmjs.org/caniuse-lite/-/caniuse-lite-1.0.30001797.tgz 0ms (cache hit)
1011 http cache call-bind-apply-helpers@https://registry.npmjs.org/call-bind-apply-helpers/-/call-bind-apply-helpers-1.0.2.tgz 0ms (cache hit)
1012 http cache call-bind@https://registry.npmjs.org/call-bind/-/call-bind-1.0.9.tgz 0ms (cache hit)
1013 http cache browserslist@https://registry.npmjs.org/browserslist/-/browserslist-4.28.2.tgz 0ms (cache hit)
1014 http cache braces@https://registry.npmjs.org/braces/-/braces-3.0.3.tgz 0ms (cache hit)
1015 http cache brace-expansion@https://registry.npmjs.org/brace-expansion/-/brace-expansion-1.1.15.tgz 0ms (cache hit)
1016 http cache binary-extensions@https://registry.npmjs.org/binary-extensions/-/binary-extensions-2.3.0.tgz 0ms (cache hit)
1017 http cache axobject-query@https://registry.npmjs.org/axobject-query/-/axobject-query-4.1.0.tgz 0ms (cache hit)
1018 http cache axe-core@https://registry.npmjs.org/axe-core/-/axe-core-4.12.0.tgz 0ms (cache hit)
1019 http cache balanced-match@https://registry.npmjs.org/balanced-match/-/balanced-match-1.0.2.tgz 0ms (cache hit)
1020 http cache baseline-browser-mapping@https://registry.npmjs.org/baseline-browser-mapping/-/baseline-browser-mapping-2.10.34.tgz 0ms (cache hit)
1021 http cache available-typed-arrays@https://registry.npmjs.org/available-typed-arrays/-/available-typed-arrays-1.0.7.tgz 0ms (cache hit)
1022 http cache autoprefixer@https://registry.npmjs.org/autoprefixer/-/autoprefixer-10.5.0.tgz 0ms (cache hit)
1023 http cache async-function@https://registry.npmjs.org/async-function/-/async-function-1.0.0.tgz 0ms (cache hit)
1024 http cache ast-types-flow@https://registry.npmjs.org/ast-types-flow/-/ast-types-flow-0.0.8.tgz 0ms (cache hit)
1025 http cache array.prototype.tosorted@https://registry.npmjs.org/array.prototype.tosorted/-/array.prototype.tosorted-1.1.4.tgz 0ms (cache hit)
1026 http cache arraybuffer.prototype.slice@https://registry.npmjs.org/arraybuffer.prototype.slice/-/arraybuffer.prototype.slice-1.0.4.tgz 0ms (cache hit)
1027 http cache array.prototype.flatmap@https://registry.npmjs.org/array.prototype.flatmap/-/array.prototype.flatmap-1.3.3.tgz 0ms (cache hit)
1028 http cache array.prototype.flat@https://registry.npmjs.org/array.prototype.flat/-/array.prototype.flat-1.3.3.tgz 0ms (cache hit)
1029 http cache array.prototype.findlastindex@https://registry.npmjs.org/array.prototype.findlastindex/-/array.prototype.findlastindex-1.2.6.tgz 0ms (cache hit)
1030 http cache array.prototype.findlast@https://registry.npmjs.org/array.prototype.findlast/-/array.prototype.findlast-1.2.5.tgz 0ms (cache hit)
1031 http cache argparse@https://registry.npmjs.org/argparse/-/argparse-2.0.1.tgz 0ms (cache hit)
1032 http cache aria-query@https://registry.npmjs.org/aria-query/-/aria-query-5.3.2.tgz 0ms (cache hit)
1033 http cache array-includes@https://registry.npmjs.org/array-includes/-/array-includes-3.1.9.tgz 0ms (cache hit)
1034 http cache array-buffer-byte-length@https://registry.npmjs.org/array-buffer-byte-length/-/array-buffer-byte-length-1.0.2.tgz 0ms (cache hit)
1035 http cache any-promise@https://registry.npmjs.org/any-promise/-/any-promise-1.3.0.tgz 0ms (cache hit)
1036 http cache arg@https://registry.npmjs.org/arg/-/arg-5.0.2.tgz 0ms (cache hit)
1037 http cache ajv@https://registry.npmjs.org/ajv/-/ajv-6.15.0.tgz 0ms (cache hit)
1038 http cache acorn-jsx@https://registry.npmjs.org/acorn-jsx/-/acorn-jsx-5.3.2.tgz 0ms (cache hit)
1039 http cache anymatch@https://registry.npmjs.org/anymatch/-/anymatch-3.1.3.tgz 0ms (cache hit)
1040 http cache ansi-styles@https://registry.npmjs.org/ansi-styles/-/ansi-styles-4.3.0.tgz 0ms (cache hit)
1041 http cache acorn@https://registry.npmjs.org/acorn/-/acorn-8.16.0.tgz 0ms (cache hit)
1042 http cache @unrs/resolver-binding-win32-x64-msvc@https://registry.npmjs.org/@unrs/resolver-binding-win32-x64-msvc/-/resolver-binding-win32-x64-msvc-1.12.2.tgz 0ms (cache hit)
1043 http cache @types/json5@https://registry.npmjs.org/@types/json5/-/json5-0.0.29.tgz 0ms (cache hit)
1044 http cache @types/react-dom@https://registry.npmjs.org/@types/react-dom/-/react-dom-19.2.3.tgz 0ms (cache hit)
1045 http cache @types/json-schema@https://registry.npmjs.org/@types/json-schema/-/json-schema-7.0.15.tgz 1ms (cache hit)
1046 http cache @types/node@https://registry.npmjs.org/@types/node/-/node-22.19.20.tgz 0ms (cache hit)
1047 http cache @types/react@https://registry.npmjs.org/@types/react/-/react-19.2.17.tgz 0ms (cache hit)
1048 http cache @types/estree@https://registry.npmjs.org/@types/estree/-/estree-1.0.9.tgz 0ms (cache hit)
1049 http cache @swc/helpers@https://registry.npmjs.org/@swc/helpers/-/helpers-0.5.15.tgz 0ms (cache hit)
1050 http cache @tybys/wasm-util@https://registry.npmjs.org/@tybys/wasm-util/-/wasm-util-0.10.2.tgz 0ms (cache hit)
1051 http cache @jridgewell/trace-mapping@https://registry.npmjs.org/@jridgewell/trace-mapping/-/trace-mapping-0.3.31.tgz 0ms (cache hit)
1052 http cache @nolyfill/is-core-module@https://registry.npmjs.org/@nolyfill/is-core-module/-/is-core-module-1.0.39.tgz 0ms (cache hit)
1053 http cache @rtsao/scc@https://registry.npmjs.org/@rtsao/scc/-/scc-1.1.0.tgz 0ms (cache hit)
1054 http cache @nodelib/fs.walk@https://registry.npmjs.org/@nodelib/fs.walk/-/fs.walk-1.2.8.tgz 0ms (cache hit)
1055 http cache @nodelib/fs.scandir@https://registry.npmjs.org/@nodelib/fs.scandir/-/fs.scandir-2.1.5.tgz 0ms (cache hit)
1056 http cache @napi-rs/wasm-runtime@https://registry.npmjs.org/@napi-rs/wasm-runtime/-/wasm-runtime-1.1.4.tgz 0ms (cache hit)
1057 http cache @jridgewell/sourcemap-codec@https://registry.npmjs.org/@jridgewell/sourcemap-codec/-/sourcemap-codec-1.5.5.tgz 0ms (cache hit)
1058 http cache @jridgewell/resolve-uri@https://registry.npmjs.org/@jridgewell/resolve-uri/-/resolve-uri-3.1.2.tgz 0ms (cache hit)
1059 http cache @jridgewell/gen-mapping@https://registry.npmjs.org/@jridgewell/gen-mapping/-/gen-mapping-0.3.13.tgz 0ms (cache hit)
1060 http cache @nodelib/fs.stat@https://registry.npmjs.org/@nodelib/fs.stat/-/fs.stat-2.0.5.tgz 0ms (cache hit)
1061 http cache @img/sharp-win32-x64@https://registry.npmjs.org/@img/sharp-win32-x64/-/sharp-win32-x64-0.35.1.tgz 0ms (cache hit)
1062 http cache @img/sharp-wasm32@https://registry.npmjs.org/@img/sharp-wasm32/-/sharp-wasm32-0.35.1.tgz 0ms (cache hit)
1063 http cache @img/colour@https://registry.npmjs.org/@img/colour/-/colour-1.1.0.tgz 0ms (cache hit)
1064 http cache @humanwhocodes/retry@https://registry.npmjs.org/@humanwhocodes/retry/-/retry-0.4.3.tgz 0ms (cache hit)
1065 http cache @humanwhocodes/module-importer@https://registry.npmjs.org/@humanwhocodes/module-importer/-/module-importer-1.0.1.tgz 0ms (cache hit)
1066 http cache @eslint/plugin-kit@https://registry.npmjs.org/@eslint/plugin-kit/-/plugin-kit-0.4.1.tgz 0ms (cache hit)
1067 http cache @humanfs/types@https://registry.npmjs.org/@humanfs/types/-/types-0.15.0.tgz 0ms (cache hit)
1068 http cache @humanfs/node@https://registry.npmjs.org/@humanfs/node/-/node-0.16.8.tgz 0ms (cache hit)
1069 http cache @eslint/core@https://registry.npmjs.org/@eslint/core/-/core-0.17.0.tgz 0ms (cache hit)
1070 http cache @eslint/js@https://registry.npmjs.org/@eslint/js/-/js-9.39.4.tgz 0ms (cache hit)
1071 http cache @humanfs/core@https://registry.npmjs.org/@humanfs/core/-/core-0.19.2.tgz 0ms (cache hit)
1072 http cache @eslint/object-schema@https://registry.npmjs.org/@eslint/object-schema/-/object-schema-2.1.7.tgz 0ms (cache hit)
1073 http cache @eslint/config-helpers@https://registry.npmjs.org/@eslint/config-helpers/-/config-helpers-0.4.2.tgz 0ms (cache hit)
1074 http cache @eslint/eslintrc@https://registry.npmjs.org/@eslint/eslintrc/-/eslintrc-3.3.5.tgz 0ms (cache hit)
1075 http cache @eslint/config-array@https://registry.npmjs.org/@eslint/config-array/-/config-array-0.21.2.tgz 0ms (cache hit)
1076 http cache @eslint-community/regexpp@https://registry.npmjs.org/@eslint-community/regexpp/-/regexpp-4.12.2.tgz 0ms (cache hit)
1077 http cache @eslint-community/eslint-utils@https://registry.npmjs.org/@eslint-community/eslint-utils/-/eslint-utils-4.9.1.tgz 0ms (cache hit)
1078 http cache brace-expansion@https://registry.npmjs.org/brace-expansion/-/brace-expansion-5.0.6.tgz 0ms (cache hit)
1079 http cache @emnapi/wasi-threads@https://registry.npmjs.org/@emnapi/wasi-threads/-/wasi-threads-1.2.1.tgz 0ms (cache hit)
1080 http cache balanced-match@https://registry.npmjs.org/balanced-match/-/balanced-match-4.0.4.tgz 0ms (cache hit)
1081 http cache @emnapi/runtime@https://registry.npmjs.org/@emnapi/runtime/-/runtime-1.11.0.tgz 0ms (cache hit)
1082 http cache @emnapi/core@https://registry.npmjs.org/@emnapi/core/-/core-1.10.0.tgz 0ms (cache hit)
1083 http cache @alloc/quick-lru@https://registry.npmjs.org/@alloc/quick-lru/-/quick-lru-5.2.0.tgz 0ms (cache hit)
1084 http cache minimatch@https://registry.npmjs.org/minimatch/-/minimatch-10.2.5.tgz 0ms (cache hit)
1085 http cache eslint-visitor-keys@https://registry.npmjs.org/eslint-visitor-keys/-/eslint-visitor-keys-5.0.1.tgz 0ms (cache hit)
1086 http cache semver@https://registry.npmjs.org/semver/-/semver-6.3.1.tgz 0ms (cache hit)
1087 http cache ignore@https://registry.npmjs.org/ignore/-/ignore-7.0.5.tgz 0ms (cache hit)
1088 http cache json5@https://registry.npmjs.org/json5/-/json5-2.2.3.tgz 0ms (cache hit)
1089 http cache semver@https://registry.npmjs.org/semver/-/semver-6.3.1.tgz 0ms (cache hit)
1090 http cache @img/sharp-win32-x64@https://registry.npmjs.org/@img/sharp-win32-x64/-/sharp-win32-x64-0.34.5.tgz 0ms (cache hit)
1091 http cache sharp@https://registry.npmjs.org/sharp/-/sharp-0.34.5.tgz 0ms (cache hit)
1092 http cache postcss@https://registry.npmjs.org/postcss/-/postcss-8.4.31.tgz 0ms (cache hit)
1093 http cache glob-parent@https://registry.npmjs.org/glob-parent/-/glob-parent-5.1.2.tgz 0ms (cache hit)
1094 http cache globals@https://registry.npmjs.org/globals/-/globals-16.4.0.tgz 0ms (cache hit)
1095 http cache resolve@https://registry.npmjs.org/resolve/-/resolve-1.22.12.tgz 0ms (cache hit)
1096 http cache picomatch@https://registry.npmjs.org/picomatch/-/picomatch-4.0.4.tgz 0ms (cache hit)
1097 http cache glob-parent@https://registry.npmjs.org/glob-parent/-/glob-parent-5.1.2.tgz 0ms (cache hit)
1098 http cache fast-glob@https://registry.npmjs.org/fast-glob/-/fast-glob-3.3.3.tgz 0ms (cache hit)
1099 http cache fdir@https://registry.npmjs.org/fdir/-/fdir-6.5.0.tgz 0ms (cache hit)
1100 http cache resolve@https://registry.npmjs.org/resolve/-/resolve-1.22.12.tgz 0ms (cache hit)
1101 http cache semver@https://registry.npmjs.org/semver/-/semver-6.3.1.tgz 0ms (cache hit)
1102 http cache semver@https://registry.npmjs.org/semver/-/semver-6.3.1.tgz 0ms (cache hit)
1103 http cache semver@https://registry.npmjs.org/semver/-/semver-6.3.1.tgz 0ms (cache hit)
1104 http cache debug@https://registry.npmjs.org/debug/-/debug-3.2.7.tgz 0ms (cache hit)
1105 silly tarball no local data for ts-api-utils@https://registry.npmjs.org/ts-api-utils/-/ts-api-utils-2.5.0.tgz. Extracting by manifest.
1106 http cache debug@https://registry.npmjs.org/debug/-/debug-3.2.7.tgz 0ms (cache hit)
1107 http cache debug@https://registry.npmjs.org/debug/-/debug-3.2.7.tgz 0ms (cache hit)
1108 silly tarball no local data for @typescript-eslint/tsconfig-utils@https://registry.npmjs.org/@typescript-eslint/tsconfig-utils/-/tsconfig-utils-8.61.1.tgz. Extracting by manifest.
1109 silly tarball no local data for @typescript-eslint/project-service@https://registry.npmjs.org/@typescript-eslint/project-service/-/project-service-8.61.1.tgz. Extracting by manifest.
1110 silly tarball no local data for @typescript-eslint/types@https://registry.npmjs.org/@typescript-eslint/types/-/types-8.61.1.tgz. Extracting by manifest.
1111 silly tarball no local data for @typescript-eslint/visitor-keys@https://registry.npmjs.org/@typescript-eslint/visitor-keys/-/visitor-keys-8.61.1.tgz. Extracting by manifest.
1112 silly tarball no local data for @typescript-eslint/type-utils@https://registry.npmjs.org/@typescript-eslint/type-utils/-/type-utils-8.61.1.tgz. Extracting by manifest.
1113 silly tarball no local data for @typescript-eslint/scope-manager@https://registry.npmjs.org/@typescript-eslint/scope-manager/-/scope-manager-8.61.1.tgz. Extracting by manifest.
1114 silly tarball no local data for @typescript-eslint/utils@https://registry.npmjs.org/@typescript-eslint/utils/-/utils-8.61.1.tgz. Extracting by manifest.
1115 http cache glob-parent@https://registry.npmjs.org/glob-parent/-/glob-parent-5.1.2.tgz 0ms (cache hit)
1116 silly tarball no local data for @typescript-eslint/parser@https://registry.npmjs.org/@typescript-eslint/parser/-/parser-8.61.1.tgz. Extracting by manifest.
1117 silly tarball no local data for @typescript-eslint/eslint-plugin@https://registry.npmjs.org/@typescript-eslint/eslint-plugin/-/eslint-plugin-8.61.1.tgz. Extracting by manifest.
1118 silly tarball no local data for @typescript-eslint/typescript-estree@https://registry.npmjs.org/@typescript-eslint/typescript-estree/-/typescript-estree-8.61.1.tgz. Extracting by manifest.
1119 silly tarball no local data for yallist@https://registry.npmjs.org/yallist/-/yallist-3.1.1.tgz. Extracting by manifest.
1120 silly tarball no local data for @next/swc-win32-x64-msvc@https://registry.npmjs.org/@next/swc-win32-x64-msvc/-/swc-win32-x64-msvc-16.2.9.tgz. Extracting by manifest.
1121 silly tarball no local data for hermes-estree@https://registry.npmjs.org/hermes-estree/-/hermes-estree-0.25.1.tgz. Extracting by manifest.
1122 silly tarball no local data for @next/env@https://registry.npmjs.org/@next/env/-/env-16.2.9.tgz. Extracting by manifest.
1123 silly tarball no local data for @babel/helper-string-parser@https://registry.npmjs.org/@babel/helper-string-parser/-/helper-string-parser-7.29.7.tgz. Extracting by manifest.
1124 http cache @emnapi/runtime@https://registry.npmjs.org/@emnapi/runtime/-/runtime-1.10.0.tgz 0ms (cache hit)
1125 silly tarball no local data for @babel/helper-globals@https://registry.npmjs.org/@babel/helper-globals/-/helper-globals-7.29.7.tgz. Extracting by manifest.
1126 silly tarball no local data for lru-cache@https://registry.npmjs.org/lru-cache/-/lru-cache-5.1.1.tgz. Extracting by manifest.
1127 silly tarball no local data for @babel/helper-validator-option@https://registry.npmjs.org/@babel/helper-validator-option/-/helper-validator-option-7.29.7.tgz. Extracting by manifest.
1128 silly tarball no local data for @babel/helper-module-imports@https://registry.npmjs.org/@babel/helper-module-imports/-/helper-module-imports-7.29.7.tgz. Extracting by manifest.
1129 silly tarball no local data for @babel/compat-data@https://registry.npmjs.org/@babel/compat-data/-/compat-data-7.29.7.tgz. Extracting by manifest.
1130 silly tarball no local data for jsesc@https://registry.npmjs.org/jsesc/-/jsesc-3.1.0.tgz. Extracting by manifest.
1131 silly tarball no local data for @babel/helper-validator-identifier@https://registry.npmjs.org/@babel/helper-validator-identifier/-/helper-validator-identifier-7.29.7.tgz. Extracting by manifest.
1132 silly tarball no local data for convert-source-map@https://registry.npmjs.org/convert-source-map/-/convert-source-map-2.0.0.tgz. Extracting by manifest.
1133 http cache eslint-visitor-keys@https://registry.npmjs.org/eslint-visitor-keys/-/eslint-visitor-keys-3.4.3.tgz 0ms (cache hit)
1134 silly tarball no local data for gensync@https://registry.npmjs.org/gensync/-/gensync-1.0.0-beta.2.tgz. Extracting by manifest.
1135 silly tarball no local data for @babel/types@https://registry.npmjs.org/@babel/types/-/types-7.29.7.tgz. Extracting by manifest.
1136 silly tarball no local data for @jridgewell/remapping@https://registry.npmjs.org/@jridgewell/remapping/-/remapping-2.3.5.tgz. Extracting by manifest.
1137 silly tarball no local data for @babel/template@https://registry.npmjs.org/@babel/template/-/template-7.29.7.tgz. Extracting by manifest.
1138 silly tarball no local data for @babel/helpers@https://registry.npmjs.org/@babel/helpers/-/helpers-7.29.7.tgz. Extracting by manifest.
1139 silly tarball no local data for @babel/helper-module-transforms@https://registry.npmjs.org/@babel/helper-module-transforms/-/helper-module-transforms-7.29.7.tgz. Extracting by manifest.
1140 silly tarball no local data for @babel/traverse@https://registry.npmjs.org/@babel/traverse/-/traverse-7.29.7.tgz. Extracting by manifest.
1141 silly tarball no local data for zod-validation-error@https://registry.npmjs.org/zod-validation-error/-/zod-validation-error-4.0.2.tgz. Extracting by manifest.
1142 silly tarball no local data for @babel/helper-compilation-targets@https://registry.npmjs.org/@babel/helper-compilation-targets/-/helper-compilation-targets-7.29.7.tgz. Extracting by manifest.
1143 silly tarball no local data for @babel/generator@https://registry.npmjs.org/@babel/generator/-/generator-7.29.7.tgz. Extracting by manifest.
1144 silly tarball no local data for zod@https://registry.npmjs.org/zod/-/zod-4.4.3.tgz. Extracting by manifest.
1145 silly tarball no local data for @babel/code-frame@https://registry.npmjs.org/@babel/code-frame/-/code-frame-7.29.7.tgz. Extracting by manifest.
1146 silly tarball no local data for hermes-parser@https://registry.npmjs.org/hermes-parser/-/hermes-parser-0.25.1.tgz. Extracting by manifest.
1147 silly tarball no local data for typescript-eslint@https://registry.npmjs.org/typescript-eslint/-/typescript-eslint-8.61.1.tgz. Extracting by manifest.
1148 silly tarball no local data for @babel/core@https://registry.npmjs.org/@babel/core/-/core-7.29.7.tgz. Extracting by manifest.
1149 silly tarball no local data for @babel/parser@https://registry.npmjs.org/@babel/parser/-/parser-7.29.7.tgz. Extracting by manifest.
1150 silly tarball no local data for fast-glob@https://registry.npmjs.org/fast-glob/-/fast-glob-3.3.1.tgz. Extracting by manifest.
1151 silly tarball no local data for next@https://registry.npmjs.org/next/-/next-16.2.9.tgz. Extracting by manifest.
1152 silly tarball no local data for @next/eslint-plugin-next@https://registry.npmjs.org/@next/eslint-plugin-next/-/eslint-plugin-next-16.2.9.tgz. Extracting by manifest.
1153 silly tarball no local data for eslint-plugin-react-hooks@https://registry.npmjs.org/eslint-plugin-react-hooks/-/eslint-plugin-react-hooks-7.1.1.tgz. Extracting by manifest.
1154 silly tarball no local data for eslint-config-next@https://registry.npmjs.org/eslint-config-next/-/eslint-config-next-16.2.9.tgz. Extracting by manifest.
1155 silly tarball no local data for yocto-queue@https://registry.npmjs.org/yocto-queue/-/yocto-queue-0.1.0.tgz. Extracting by manifest.
1156 silly tarball no local data for word-wrap@https://registry.npmjs.org/word-wrap/-/word-wrap-1.2.5.tgz. Extracting by manifest.
1157 silly tarball no local data for which-typed-array@https://registry.npmjs.org/which-typed-array/-/which-typed-array-1.1.22.tgz. Extracting by manifest.
1158 silly tarball no local data for which-collection@https://registry.npmjs.org/which-collection/-/which-collection-1.0.2.tgz. Extracting by manifest.
1159 silly tarball no local data for which-builtin-type@https://registry.npmjs.org/which-builtin-type/-/which-builtin-type-1.2.1.tgz. Extracting by manifest.
1160 silly tarball no local data for which@https://registry.npmjs.org/which/-/which-2.0.2.tgz. Extracting by manifest.
1161 silly tarball no local data for uri-js@https://registry.npmjs.org/uri-js/-/uri-js-4.4.1.tgz. Extracting by manifest.
1162 silly tarball no local data for which-boxed-primitive@https://registry.npmjs.org/which-boxed-primitive/-/which-boxed-primitive-1.1.1.tgz. Extracting by manifest.
1163 silly tarball no local data for util-deprecate@https://registry.npmjs.org/util-deprecate/-/util-deprecate-1.0.2.tgz. Extracting by manifest.
1164 silly tarball no local data for update-browserslist-db@https://registry.npmjs.org/update-browserslist-db/-/update-browserslist-db-1.2.3.tgz. Extracting by manifest.
1165 silly tarball no local data for undici-types@https://registry.npmjs.org/undici-types/-/undici-types-6.21.0.tgz. Extracting by manifest.
1166 silly tarball no local data for unrs-resolver@https://registry.npmjs.org/unrs-resolver/-/unrs-resolver-1.12.2.tgz. Extracting by manifest.
1167 silly tarball no local data for typescript@https://registry.npmjs.org/typescript/-/typescript-5.9.3.tgz. Extracting by manifest.
1168 silly tarball no local data for typed-array-length@https://registry.npmjs.org/typed-array-length/-/typed-array-length-1.0.8.tgz. Extracting by manifest.
1169 silly tarball no local data for unbox-primitive@https://registry.npmjs.org/unbox-primitive/-/unbox-primitive-1.1.0.tgz. Extracting by manifest.
1170 silly tarball no local data for typed-array-byte-length@https://registry.npmjs.org/typed-array-byte-length/-/typed-array-byte-length-1.0.3.tgz. Extracting by manifest.
1171 silly tarball no local data for typed-array-byte-offset@https://registry.npmjs.org/typed-array-byte-offset/-/typed-array-byte-offset-1.0.4.tgz. Extracting by manifest.
1172 silly tarball no local data for type-check@https://registry.npmjs.org/type-check/-/type-check-0.4.0.tgz. Extracting by manifest.
1173 silly tarball no local data for tsconfig-paths@https://registry.npmjs.org/tsconfig-paths/-/tsconfig-paths-3.15.0.tgz. Extracting by manifest.
1174 silly tarball no local data for typed-array-buffer@https://registry.npmjs.org/typed-array-buffer/-/typed-array-buffer-1.0.3.tgz. Extracting by manifest.
1175 silly tarball no local data for tinyglobby@https://registry.npmjs.org/tinyglobby/-/tinyglobby-0.2.17.tgz. Extracting by manifest.
1176 silly tarball no local data for ts-interface-checker@https://registry.npmjs.org/ts-interface-checker/-/ts-interface-checker-0.1.13.tgz. Extracting by manifest.
1177 silly tarball no local data for tslib@https://registry.npmjs.org/tslib/-/tslib-2.8.1.tgz. Extracting by manifest.
1178 silly tarball no local data for thenify@https://registry.npmjs.org/thenify/-/thenify-3.3.1.tgz. Extracting by manifest.
1179 silly tarball no local data for thenify-all@https://registry.npmjs.org/thenify-all/-/thenify-all-1.6.0.tgz. Extracting by manifest.
1180 silly tarball no local data for to-regex-range@https://registry.npmjs.org/to-regex-range/-/to-regex-range-5.0.1.tgz. Extracting by manifest.
1181 silly tarball no local data for tailwindcss@https://registry.npmjs.org/tailwindcss/-/tailwindcss-3.4.19.tgz. Extracting by manifest.
1182 silly tarball no local data for supports-color@https://registry.npmjs.org/supports-color/-/supports-color-7.2.0.tgz. Extracting by manifest.
1183 silly tarball no local data for supports-preserve-symlinks-flag@https://registry.npmjs.org/supports-preserve-symlinks-flag/-/supports-preserve-symlinks-flag-1.0.0.tgz. Extracting by manifest.
1184 silly tarball no local data for strip-bom@https://registry.npmjs.org/strip-bom/-/strip-bom-3.0.0.tgz. Extracting by manifest.
1185 silly tarball no local data for sucrase@https://registry.npmjs.org/sucrase/-/sucrase-3.35.1.tgz. Extracting by manifest.
1186 silly tarball no local data for styled-jsx@https://registry.npmjs.org/styled-jsx/-/styled-jsx-5.1.6.tgz. Extracting by manifest.
1187 silly tarball no local data for string.prototype.trimstart@https://registry.npmjs.org/string.prototype.trimstart/-/string.prototype.trimstart-1.0.8.tgz. Extracting by manifest.
1188 silly tarball no local data for strip-json-comments@https://registry.npmjs.org/strip-json-comments/-/strip-json-comments-3.1.1.tgz. Extracting by manifest.
1189 silly tarball no local data for string.prototype.trimend@https://registry.npmjs.org/string.prototype.trimend/-/string.prototype.trimend-1.0.10.tgz. Extracting by manifest.
1190 silly tarball no local data for string.prototype.repeat@https://registry.npmjs.org/string.prototype.repeat/-/string.prototype.repeat-1.0.0.tgz. Extracting by manifest.
1191 silly tarball no local data for string.prototype.trim@https://registry.npmjs.org/string.prototype.trim/-/string.prototype.trim-1.2.11.tgz. Extracting by manifest.
1192 silly tarball no local data for stop-iteration-iterator@https://registry.npmjs.org/stop-iteration-iterator/-/stop-iteration-iterator-1.1.0.tgz. Extracting by manifest.
1193 silly tarball no local data for string.prototype.matchall@https://registry.npmjs.org/string.prototype.matchall/-/string.prototype.matchall-4.0.12.tgz. Extracting by manifest.
1194 silly tarball no local data for stable-hash@https://registry.npmjs.org/stable-hash/-/stable-hash-0.0.5.tgz. Extracting by manifest.
1195 silly tarball no local data for string.prototype.includes@https://registry.npmjs.org/string.prototype.includes/-/string.prototype.includes-2.0.1.tgz. Extracting by manifest.
1196 silly tarball no local data for side-channel-map@https://registry.npmjs.org/side-channel-map/-/side-channel-map-1.0.1.tgz. Extracting by manifest.
1197 silly tarball no local data for source-map-js@https://registry.npmjs.org/source-map-js/-/source-map-js-1.2.1.tgz. Extracting by manifest.
1198 silly tarball no local data for side-channel-weakmap@https://registry.npmjs.org/side-channel-weakmap/-/side-channel-weakmap-1.0.2.tgz. Extracting by manifest.
1199 silly tarball no local data for side-channel-list@https://registry.npmjs.org/side-channel-list/-/side-channel-list-1.0.1.tgz. Extracting by manifest.
1200 silly tarball no local data for set-proto@https://registry.npmjs.org/set-proto/-/set-proto-1.0.0.tgz. Extracting by manifest.
1201 silly tarball no local data for shebang-command@https://registry.npmjs.org/shebang-command/-/shebang-command-2.0.0.tgz. Extracting by manifest.
1202 silly tarball no local data for shebang-regex@https://registry.npmjs.org/shebang-regex/-/shebang-regex-3.0.0.tgz. Extracting by manifest.
1203 silly tarball no local data for side-channel@https://registry.npmjs.org/side-channel/-/side-channel-1.1.1.tgz. Extracting by manifest.
1204 silly tarball no local data for set-function-name@https://registry.npmjs.org/set-function-name/-/set-function-name-2.0.2.tgz. Extracting by manifest.
1205 silly tarball no local data for set-function-length@https://registry.npmjs.org/set-function-length/-/set-function-length-1.2.2.tgz. Extracting by manifest.
1206 silly tarball no local data for scheduler@https://registry.npmjs.org/scheduler/-/scheduler-0.27.0.tgz. Extracting by manifest.
1207 silly tarball no local data for sharp@https://registry.npmjs.org/sharp/-/sharp-0.35.1.tgz. Extracting by manifest.
1208 silly tarball no local data for safe-regex-test@https://registry.npmjs.org/safe-regex-test/-/safe-regex-test-1.1.0.tgz. Extracting by manifest.
1209 silly tarball no local data for semver@https://registry.npmjs.org/semver/-/semver-7.8.4.tgz. Extracting by manifest.
1210 silly tarball no local data for safe-array-concat@https://registry.npmjs.org/safe-array-concat/-/safe-array-concat-1.1.4.tgz. Extracting by manifest.
1211 silly tarball no local data for safe-push-apply@https://registry.npmjs.org/safe-push-apply/-/safe-push-apply-1.0.0.tgz. Extracting by manifest.
1212 silly tarball no local data for reusify@https://registry.npmjs.org/reusify/-/reusify-1.1.0.tgz. Extracting by manifest.
1213 silly tarball no local data for run-parallel@https://registry.npmjs.org/run-parallel/-/run-parallel-1.2.0.tgz. Extracting by manifest.
1214 silly tarball no local data for resolve-from@https://registry.npmjs.org/resolve-from/-/resolve-from-4.0.0.tgz. Extracting by manifest.
1215 silly tarball no local data for resolve-pkg-maps@https://registry.npmjs.org/resolve-pkg-maps/-/resolve-pkg-maps-1.0.0.tgz. Extracting by manifest.
1216 silly tarball no local data for resolve@https://registry.npmjs.org/resolve/-/resolve-2.0.0-next.7.tgz. Extracting by manifest.
1217 silly tarball no local data for regexp.prototype.flags@https://registry.npmjs.org/regexp.prototype.flags/-/regexp.prototype.flags-1.5.4.tgz. Extracting by manifest.
1218 silly tarball no local data for reflect.getprototypeof@https://registry.npmjs.org/reflect.getprototypeof/-/reflect.getprototypeof-1.0.10.tgz. Extracting by manifest.
1219 silly tarball no local data for readdirp@https://registry.npmjs.org/readdirp/-/readdirp-3.6.0.tgz. Extracting by manifest.
1220 silly tarball no local data for read-cache@https://registry.npmjs.org/read-cache/-/read-cache-1.0.0.tgz. Extracting by manifest.
1221 silly tarball no local data for react-is@https://registry.npmjs.org/react-is/-/react-is-16.13.1.tgz. Extracting by manifest.
1222 silly tarball no local data for react@https://registry.npmjs.org/react/-/react-19.2.7.tgz. Extracting by manifest.
1223 silly tarball no local data for queue-microtask@https://registry.npmjs.org/queue-microtask/-/queue-microtask-1.2.3.tgz. Extracting by manifest.
1224 silly tarball no local data for react-dom@https://registry.npmjs.org/react-dom/-/react-dom-19.2.7.tgz. Extracting by manifest.
1225 silly tarball no local data for punycode@https://registry.npmjs.org/punycode/-/punycode-2.3.1.tgz. Extracting by manifest.
1226 silly tarball no local data for postcss-value-parser@https://registry.npmjs.org/postcss-value-parser/-/postcss-value-parser-4.2.0.tgz. Extracting by manifest.
1227 silly tarball no local data for prop-types@https://registry.npmjs.org/prop-types/-/prop-types-15.8.1.tgz. Extracting by manifest.
1228 silly tarball no local data for prelude-ls@https://registry.npmjs.org/prelude-ls/-/prelude-ls-1.2.1.tgz. Extracting by manifest.
1229 silly tarball no local data for postcss-nested@https://registry.npmjs.org/postcss-nested/-/postcss-nested-6.2.0.tgz. Extracting by manifest.
1230 silly tarball no local data for postcss-load-config@https://registry.npmjs.org/postcss-load-config/-/postcss-load-config-6.0.1.tgz. Extracting by manifest.
1231 silly tarball no local data for postcss-selector-parser@https://registry.npmjs.org/postcss-selector-parser/-/postcss-selector-parser-6.1.2.tgz. Extracting by manifest.
1232 silly tarball no local data for postcss-js@https://registry.npmjs.org/postcss-js/-/postcss-js-4.1.0.tgz. Extracting by manifest.
1233 silly tarball no local data for postcss-import@https://registry.npmjs.org/postcss-import/-/postcss-import-15.1.0.tgz. Extracting by manifest.
1234 silly tarball no local data for pirates@https://registry.npmjs.org/pirates/-/pirates-4.0.7.tgz. Extracting by manifest.
1235 silly tarball no local data for postcss@https://registry.npmjs.org/postcss/-/postcss-8.5.15.tgz. Extracting by manifest.
1236 silly tarball no local data for possible-typed-array-names@https://registry.npmjs.org/possible-typed-array-names/-/possible-typed-array-names-1.1.0.tgz. Extracting by manifest.
1237 silly tarball no local data for picocolors@https://registry.npmjs.org/picocolors/-/picocolors-1.1.1.tgz. Extracting by manifest.
1238 silly tarball no local data for picomatch@https://registry.npmjs.org/picomatch/-/picomatch-2.3.2.tgz. Extracting by manifest.
1239 silly tarball no local data for pify@https://registry.npmjs.org/pify/-/pify-2.3.0.tgz. Extracting by manifest.
1240 silly tarball no local data for path-parse@https://registry.npmjs.org/path-parse/-/path-parse-1.0.7.tgz. Extracting by manifest.
1241 silly tarball no local data for path-key@https://registry.npmjs.org/path-key/-/path-key-3.1.1.tgz. Extracting by manifest.
1242 silly tarball no local data for path-exists@https://registry.npmjs.org/path-exists/-/path-exists-4.0.0.tgz. Extracting by manifest.
1243 silly tarball no local data for parent-module@https://registry.npmjs.org/parent-module/-/parent-module-1.0.1.tgz. Extracting by manifest.
1244 silly tarball no local data for p-locate@https://registry.npmjs.org/p-locate/-/p-locate-5.0.0.tgz. Extracting by manifest.
1245 silly tarball no local data for own-keys@https://registry.npmjs.org/own-keys/-/own-keys-1.0.1.tgz. Extracting by manifest.
1246 silly tarball no local data for optionator@https://registry.npmjs.org/optionator/-/optionator-0.9.4.tgz. Extracting by manifest.
1247 silly tarball no local data for p-limit@https://registry.npmjs.org/p-limit/-/p-limit-3.1.0.tgz. Extracting by manifest.
1248 silly tarball no local data for object.groupby@https://registry.npmjs.org/object.groupby/-/object.groupby-1.0.3.tgz. Extracting by manifest.
1249 silly tarball no local data for object.fromentries@https://registry.npmjs.org/object.fromentries/-/object.fromentries-2.0.8.tgz. Extracting by manifest.
1250 silly tarball no local data for object.values@https://registry.npmjs.org/object.values/-/object.values-1.2.1.tgz. Extracting by manifest.
1251 silly tarball no local data for object.assign@https://registry.npmjs.org/object.assign/-/object.assign-4.1.7.tgz. Extracting by manifest.
1252 silly tarball no local data for object.entries@https://registry.npmjs.org/object.entries/-/object.entries-1.1.9.tgz. Extracting by manifest.
1253 silly tarball no local data for object-keys@https://registry.npmjs.org/object-keys/-/object-keys-1.1.1.tgz. Extracting by manifest.
1254 silly tarball no local data for object-inspect@https://registry.npmjs.org/object-inspect/-/object-inspect-1.13.4.tgz. Extracting by manifest.
1255 silly tarball no local data for object-hash@https://registry.npmjs.org/object-hash/-/object-hash-3.0.0.tgz. Extracting by manifest.
1256 silly tarball no local data for normalize-path@https://registry.npmjs.org/normalize-path/-/normalize-path-3.0.0.tgz. Extracting by manifest.
1257 silly tarball no local data for node-releases@https://registry.npmjs.org/node-releases/-/node-releases-2.0.47.tgz. Extracting by manifest.
1258 silly tarball no local data for object-assign@https://registry.npmjs.org/object-assign/-/object-assign-4.1.1.tgz. Extracting by manifest.
1259 silly tarball no local data for natural-compare@https://registry.npmjs.org/natural-compare/-/natural-compare-1.4.0.tgz. Extracting by manifest.
1260 silly tarball no local data for nanoid@https://registry.npmjs.org/nanoid/-/nanoid-3.3.12.tgz. Extracting by manifest.
1261 silly tarball no local data for napi-postinstall@https://registry.npmjs.org/napi-postinstall/-/napi-postinstall-0.3.4.tgz. Extracting by manifest.
1262 silly tarball no local data for node-exports-info@https://registry.npmjs.org/node-exports-info/-/node-exports-info-1.6.0.tgz. Extracting by manifest.
1263 silly tarball no local data for mz@https://registry.npmjs.org/mz/-/mz-2.7.0.tgz. Extracting by manifest.
1264 silly tarball no local data for ms@https://registry.npmjs.org/ms/-/ms-2.1.3.tgz. Extracting by manifest.
1265 silly tarball no local data for motion-dom@https://registry.npmjs.org/motion-dom/-/motion-dom-11.18.1.tgz. Extracting by manifest.
1266 silly tarball no local data for motion-utils@https://registry.npmjs.org/motion-utils/-/motion-utils-11.18.1.tgz. Extracting by manifest.
1267 silly tarball no local data for minimist@https://registry.npmjs.org/minimist/-/minimist-1.2.8.tgz. Extracting by manifest.
1268 silly tarball no local data for micromatch@https://registry.npmjs.org/micromatch/-/micromatch-4.0.8.tgz. Extracting by manifest.
1269 silly tarball no local data for minimatch@https://registry.npmjs.org/minimatch/-/minimatch-3.1.5.tgz. Extracting by manifest.
1270 silly tarball no local data for lodash.merge@https://registry.npmjs.org/lodash.merge/-/lodash.merge-4.6.2.tgz. Extracting by manifest.
1271 silly tarball no local data for merge2@https://registry.npmjs.org/merge2/-/merge2-1.4.1.tgz. Extracting by manifest.
1272 silly tarball no local data for loose-envify@https://registry.npmjs.org/loose-envify/-/loose-envify-1.4.0.tgz. Extracting by manifest.
1273 silly tarball no local data for math-intrinsics@https://registry.npmjs.org/math-intrinsics/-/math-intrinsics-1.1.0.tgz. Extracting by manifest.
1274 silly tarball no local data for locate-path@https://registry.npmjs.org/locate-path/-/locate-path-6.0.0.tgz. Extracting by manifest.
1275 silly tarball no local data for lilconfig@https://registry.npmjs.org/lilconfig/-/lilconfig-3.1.3.tgz. Extracting by manifest.
1276 silly tarball no local data for levn@https://registry.npmjs.org/levn/-/levn-0.4.1.tgz. Extracting by manifest.
1277 silly tarball no local data for language-tags@https://registry.npmjs.org/language-tags/-/language-tags-1.0.9.tgz. Extracting by manifest.
1278 silly tarball no local data for lines-and-columns@https://registry.npmjs.org/lines-and-columns/-/lines-and-columns-1.2.4.tgz. Extracting by manifest.
1279 silly tarball no local data for language-subtag-registry@https://registry.npmjs.org/language-subtag-registry/-/language-subtag-registry-0.3.23.tgz. Extracting by manifest.
1280 silly tarball no local data for keyv@https://registry.npmjs.org/keyv/-/keyv-4.5.4.tgz. Extracting by manifest.
1281 silly tarball no local data for jsx-ast-utils@https://registry.npmjs.org/jsx-ast-utils/-/jsx-ast-utils-3.3.5.tgz. Extracting by manifest.
1282 silly tarball no local data for json5@https://registry.npmjs.org/json5/-/json5-1.0.2.tgz. Extracting by manifest.
1283 silly tarball no local data for json-schema-traverse@https://registry.npmjs.org/json-schema-traverse/-/json-schema-traverse-0.4.1.tgz. Extracting by manifest.
1284 silly tarball no local data for json-stable-stringify-without-jsonify@https://registry.npmjs.org/json-stable-stringify-without-jsonify/-/json-stable-stringify-without-jsonify-1.0.1.tgz. Extracting by manifest.
1285 silly tarball no local data for json-buffer@https://registry.npmjs.org/json-buffer/-/json-buffer-3.0.1.tgz. Extracting by manifest.
1286 silly tarball no local data for js-yaml@https://registry.npmjs.org/js-yaml/-/js-yaml-4.2.0.tgz. Extracting by manifest.
1287 silly tarball no local data for js-tokens@https://registry.npmjs.org/js-tokens/-/js-tokens-4.0.0.tgz. Extracting by manifest.
1288 silly tarball no local data for jiti@https://registry.npmjs.org/jiti/-/jiti-1.21.7.tgz. Extracting by manifest.
1289 silly tarball no local data for isarray@https://registry.npmjs.org/isarray/-/isarray-2.0.5.tgz. Extracting by manifest.
1290 silly tarball no local data for isexe@https://registry.npmjs.org/isexe/-/isexe-2.0.0.tgz. Extracting by manifest.
1291 silly tarball no local data for iterator.prototype@https://registry.npmjs.org/iterator.prototype/-/iterator.prototype-1.1.5.tgz. Extracting by manifest.
1292 silly tarball no local data for is-weakset@https://registry.npmjs.org/is-weakset/-/is-weakset-2.0.4.tgz. Extracting by manifest.
1293 silly tarball no local data for is-typed-array@https://registry.npmjs.org/is-typed-array/-/is-typed-array-1.1.15.tgz. Extracting by manifest.
1294 silly tarball no local data for is-string@https://registry.npmjs.org/is-string/-/is-string-1.1.1.tgz. Extracting by manifest.
1295 silly tarball no local data for is-weakref@https://registry.npmjs.org/is-weakref/-/is-weakref-1.1.1.tgz. Extracting by manifest.
1296 silly tarball no local data for is-weakmap@https://registry.npmjs.org/is-weakmap/-/is-weakmap-2.0.2.tgz. Extracting by manifest.
1297 silly tarball no local data for is-symbol@https://registry.npmjs.org/is-symbol/-/is-symbol-1.1.1.tgz. Extracting by manifest.
1298 silly tarball no local data for is-set@https://registry.npmjs.org/is-set/-/is-set-2.0.3.tgz. Extracting by manifest.
1299 silly tarball no local data for is-number@https://registry.npmjs.org/is-number/-/is-number-7.0.0.tgz. Extracting by manifest.
1300 silly tarball no local data for is-shared-array-buffer@https://registry.npmjs.org/is-shared-array-buffer/-/is-shared-array-buffer-1.0.4.tgz. Extracting by manifest.
1301 silly tarball no local data for is-regex@https://registry.npmjs.org/is-regex/-/is-regex-1.2.1.tgz. Extracting by manifest.
1302 silly tarball no local data for is-negative-zero@https://registry.npmjs.org/is-negative-zero/-/is-negative-zero-2.0.3.tgz. Extracting by manifest.
1303 silly tarball no local data for is-number-object@https://registry.npmjs.org/is-number-object/-/is-number-object-1.1.1.tgz. Extracting by manifest.
1304 silly tarball no local data for is-glob@https://registry.npmjs.org/is-glob/-/is-glob-4.0.3.tgz. Extracting by manifest.
1305 silly tarball no local data for is-map@https://registry.npmjs.org/is-map/-/is-map-2.0.3.tgz. Extracting by manifest.
1306 silly tarball no local data for is-generator-function@https://registry.npmjs.org/is-generator-function/-/is-generator-function-1.1.2.tgz. Extracting by manifest.
1307 silly tarball no local data for is-extglob@https://registry.npmjs.org/is-extglob/-/is-extglob-2.1.1.tgz. Extracting by manifest.
1308 silly tarball no local data for is-finalizationregistry@https://registry.npmjs.org/is-finalizationregistry/-/is-finalizationregistry-1.1.1.tgz. Extracting by manifest.
1309 silly tarball no local data for is-data-view@https://registry.npmjs.org/is-data-view/-/is-data-view-1.0.2.tgz. Extracting by manifest.
1310 silly tarball no local data for is-callable@https://registry.npmjs.org/is-callable/-/is-callable-1.2.7.tgz. Extracting by manifest.
1311 silly tarball no local data for is-core-module@https://registry.npmjs.org/is-core-module/-/is-core-module-2.16.2.tgz. Extracting by manifest.
1312 silly tarball no local data for is-bigint@https://registry.npmjs.org/is-bigint/-/is-bigint-1.1.0.tgz. Extracting by manifest.
1313 silly tarball no local data for is-date-object@https://registry.npmjs.org/is-date-object/-/is-date-object-1.1.0.tgz. Extracting by manifest.
1314 silly tarball no local data for is-boolean-object@https://registry.npmjs.org/is-boolean-object/-/is-boolean-object-1.2.2.tgz. Extracting by manifest.
1315 silly tarball no local data for is-bun-module@https://registry.npmjs.org/is-bun-module/-/is-bun-module-2.0.0.tgz. Extracting by manifest.
1316 silly tarball no local data for is-binary-path@https://registry.npmjs.org/is-binary-path/-/is-binary-path-2.1.0.tgz. Extracting by manifest.
1317 silly tarball no local data for is-async-function@https://registry.npmjs.org/is-async-function/-/is-async-function-2.1.1.tgz. Extracting by manifest.
1318 silly tarball no local data for is-array-buffer@https://registry.npmjs.org/is-array-buffer/-/is-array-buffer-3.0.5.tgz. Extracting by manifest.
1319 silly tarball no local data for imurmurhash@https://registry.npmjs.org/imurmurhash/-/imurmurhash-0.1.4.tgz. Extracting by manifest.
1320 silly tarball no local data for internal-slot@https://registry.npmjs.org/internal-slot/-/internal-slot-1.1.0.tgz. Extracting by manifest.
1321 silly tarball no local data for ignore@https://registry.npmjs.org/ignore/-/ignore-5.3.2.tgz. Extracting by manifest.
1322 silly tarball no local data for has-tostringtag@https://registry.npmjs.org/has-tostringtag/-/has-tostringtag-1.0.2.tgz. Extracting by manifest.
1323 silly tarball no local data for import-fresh@https://registry.npmjs.org/import-fresh/-/import-fresh-3.3.1.tgz. Extracting by manifest.
1324 silly tarball no local data for hasown@https://registry.npmjs.org/hasown/-/hasown-2.0.4.tgz. Extracting by manifest.
1325 silly tarball no local data for has-symbols@https://registry.npmjs.org/has-symbols/-/has-symbols-1.1.0.tgz. Extracting by manifest.
1326 silly tarball no local data for has-proto@https://registry.npmjs.org/has-proto/-/has-proto-1.2.0.tgz. Extracting by manifest.
1327 silly tarball no local data for has-property-descriptors@https://registry.npmjs.org/has-property-descriptors/-/has-property-descriptors-1.0.2.tgz. Extracting by manifest.
1328 silly tarball no local data for has-flag@https://registry.npmjs.org/has-flag/-/has-flag-4.0.0.tgz. Extracting by manifest.
1329 silly tarball no local data for has-bigints@https://registry.npmjs.org/has-bigints/-/has-bigints-1.1.0.tgz. Extracting by manifest.
1330 silly tarball no local data for gopd@https://registry.npmjs.org/gopd/-/gopd-1.2.0.tgz. Extracting by manifest.
1331 silly tarball no local data for globals@https://registry.npmjs.org/globals/-/globals-14.0.0.tgz. Extracting by manifest.
1332 silly tarball no local data for globalthis@https://registry.npmjs.org/globalthis/-/globalthis-1.0.4.tgz. Extracting by manifest.
1333 silly tarball no local data for glob-parent@https://registry.npmjs.org/glob-parent/-/glob-parent-6.0.2.tgz. Extracting by manifest.
1334 silly tarball no local data for get-symbol-description@https://registry.npmjs.org/get-symbol-description/-/get-symbol-description-1.1.0.tgz. Extracting by manifest.
1335 silly tarball no local data for get-tsconfig@https://registry.npmjs.org/get-tsconfig/-/get-tsconfig-4.14.0.tgz. Extracting by manifest.
1336 silly tarball no local data for generator-function@https://registry.npmjs.org/generator-function/-/generator-function-2.0.1.tgz. Extracting by manifest.
1337 silly tarball no local data for get-intrinsic@https://registry.npmjs.org/get-intrinsic/-/get-intrinsic-1.3.0.tgz. Extracting by manifest.
1338 silly tarball no local data for functions-have-names@https://registry.npmjs.org/functions-have-names/-/functions-have-names-1.2.3.tgz. Extracting by manifest.
1339 silly tarball no local data for get-proto@https://registry.npmjs.org/get-proto/-/get-proto-1.0.1.tgz. Extracting by manifest.
1340 silly tarball no local data for function-bind@https://registry.npmjs.org/function-bind/-/function-bind-1.1.2.tgz. Extracting by manifest.
1341 silly tarball no local data for function.prototype.name@https://registry.npmjs.org/function.prototype.name/-/function.prototype.name-1.1.8.tgz. Extracting by manifest.
1342 silly tarball no local data for fraction.js@https://registry.npmjs.org/fraction.js/-/fraction.js-5.3.4.tgz. Extracting by manifest.
1343 silly tarball no local data for for-each@https://registry.npmjs.org/for-each/-/for-each-0.3.5.tgz. Extracting by manifest.
1344 silly tarball no local data for framer-motion@https://registry.npmjs.org/framer-motion/-/framer-motion-11.18.2.tgz. Extracting by manifest.
1345 silly tarball no local data for fill-range@https://registry.npmjs.org/fill-range/-/fill-range-7.1.1.tgz. Extracting by manifest.
1346 silly tarball no local data for flatted@https://registry.npmjs.org/flatted/-/flatted-3.4.2.tgz. Extracting by manifest.
1347 silly tarball no local data for find-up@https://registry.npmjs.org/find-up/-/find-up-5.0.0.tgz. Extracting by manifest.
1348 silly tarball no local data for fastq@https://registry.npmjs.org/fastq/-/fastq-1.20.1.tgz. Extracting by manifest.
1349 silly tarball no local data for file-entry-cache@https://registry.npmjs.org/file-entry-cache/-/file-entry-cache-8.0.0.tgz. Extracting by manifest.
1350 silly tarball no local data for flat-cache@https://registry.npmjs.org/flat-cache/-/flat-cache-4.0.1.tgz. Extracting by manifest.
1351 silly tarball no local data for fast-levenshtein@https://registry.npmjs.org/fast-levenshtein/-/fast-levenshtein-2.0.6.tgz. Extracting by manifest.
1352 silly tarball no local data for fast-json-stable-stringify@https://registry.npmjs.org/fast-json-stable-stringify/-/fast-json-stable-stringify-2.1.0.tgz. Extracting by manifest.
1353 silly tarball no local data for esutils@https://registry.npmjs.org/esutils/-/esutils-2.0.3.tgz. Extracting by manifest.
1354 silly tarball no local data for estraverse@https://registry.npmjs.org/estraverse/-/estraverse-5.3.0.tgz. Extracting by manifest.
1355 silly tarball no local data for esrecurse@https://registry.npmjs.org/esrecurse/-/esrecurse-4.3.0.tgz. Extracting by manifest.
1356 silly tarball no local data for fast-deep-equal@https://registry.npmjs.org/fast-deep-equal/-/fast-deep-equal-3.1.3.tgz. Extracting by manifest.
1357 silly tarball no local data for eslint-scope@https://registry.npmjs.org/eslint-scope/-/eslint-scope-8.4.0.tgz. Extracting by manifest.
1358 silly tarball no local data for espree@https://registry.npmjs.org/espree/-/espree-10.4.0.tgz. Extracting by manifest.
1359 silly tarball no local data for esquery@https://registry.npmjs.org/esquery/-/esquery-1.7.0.tgz. Extracting by manifest.
1360 silly tarball no local data for eslint-visitor-keys@https://registry.npmjs.org/eslint-visitor-keys/-/eslint-visitor-keys-4.2.1.tgz. Extracting by manifest.
1361 silly tarball no local data for eslint-plugin-react@https://registry.npmjs.org/eslint-plugin-react/-/eslint-plugin-react-7.37.5.tgz. Extracting by manifest.
1362 silly tarball no local data for eslint-plugin-jsx-a11y@https://registry.npmjs.org/eslint-plugin-jsx-a11y/-/eslint-plugin-jsx-a11y-6.10.2.tgz. Extracting by manifest.
1363 silly tarball no local data for eslint-module-utils@https://registry.npmjs.org/eslint-module-utils/-/eslint-module-utils-2.13.0.tgz. Extracting by manifest.
1364 silly tarball no local data for eslint-plugin-import@https://registry.npmjs.org/eslint-plugin-import/-/eslint-plugin-import-2.32.0.tgz. Extracting by manifest.
1365 silly tarball no local data for eslint-import-resolver-typescript@https://registry.npmjs.org/eslint-import-resolver-typescript/-/eslint-import-resolver-typescript-3.10.1.tgz. Extracting by manifest.
1366 silly tarball no local data for eslint-import-resolver-node@https://registry.npmjs.org/eslint-import-resolver-node/-/eslint-import-resolver-node-0.3.10.tgz. Extracting by manifest.
1367 silly tarball no local data for eslint@https://registry.npmjs.org/eslint/-/eslint-9.39.4.tgz. Extracting by manifest.
1368 silly tarball no local data for es-to-primitive@https://registry.npmjs.org/es-to-primitive/-/es-to-primitive-1.3.0.tgz. Extracting by manifest.
1369 silly tarball no local data for escape-string-regexp@https://registry.npmjs.org/escape-string-regexp/-/escape-string-regexp-4.0.0.tgz. Extracting by manifest.
1370 silly tarball no local data for escalade@https://registry.npmjs.org/escalade/-/escalade-3.2.0.tgz. Extracting by manifest.
1371 silly tarball no local data for es-set-tostringtag@https://registry.npmjs.org/es-set-tostringtag/-/es-set-tostringtag-2.1.0.tgz. Extracting by manifest.
1372 silly tarball no local data for es-iterator-helpers@https://registry.npmjs.org/es-iterator-helpers/-/es-iterator-helpers-1.3.2.tgz. Extracting by manifest.
1373 silly tarball no local data for es-object-atoms@https://registry.npmjs.org/es-object-atoms/-/es-object-atoms-1.1.2.tgz. Extracting by manifest.
1374 silly tarball no local data for es-shim-unscopables@https://registry.npmjs.org/es-shim-unscopables/-/es-shim-unscopables-1.1.0.tgz. Extracting by manifest.
1375 silly tarball no local data for es-errors@https://registry.npmjs.org/es-errors/-/es-errors-1.3.0.tgz. Extracting by manifest.
1376 silly tarball no local data for es-define-property@https://registry.npmjs.org/es-define-property/-/es-define-property-1.0.1.tgz. Extracting by manifest.
1377 silly tarball no local data for dunder-proto@https://registry.npmjs.org/dunder-proto/-/dunder-proto-1.0.1.tgz. Extracting by manifest.
1378 silly tarball no local data for doctrine@https://registry.npmjs.org/doctrine/-/doctrine-2.1.0.tgz. Extracting by manifest.
1379 silly tarball no local data for es-abstract@https://registry.npmjs.org/es-abstract/-/es-abstract-1.24.2.tgz. Extracting by manifest.
1380 silly tarball no local data for emoji-regex@https://registry.npmjs.org/emoji-regex/-/emoji-regex-9.2.2.tgz. Extracting by manifest.
1381 silly tarball no local data for dlv@https://registry.npmjs.org/dlv/-/dlv-1.1.3.tgz. Extracting by manifest.
1382 silly tarball no local data for electron-to-chromium@https://registry.npmjs.org/electron-to-chromium/-/electron-to-chromium-1.5.368.tgz. Extracting by manifest.
1383 silly tarball no local data for detect-libc@https://registry.npmjs.org/detect-libc/-/detect-libc-2.1.2.tgz. Extracting by manifest.
1384 silly tarball no local data for didyoumean@https://registry.npmjs.org/didyoumean/-/didyoumean-1.2.2.tgz. Extracting by manifest.
1385 silly tarball no local data for define-data-property@https://registry.npmjs.org/define-data-property/-/define-data-property-1.1.4.tgz. Extracting by manifest.
1386 silly tarball no local data for define-properties@https://registry.npmjs.org/define-properties/-/define-properties-1.2.1.tgz. Extracting by manifest.
1387 silly tarball no local data for deep-is@https://registry.npmjs.org/deep-is/-/deep-is-0.1.4.tgz. Extracting by manifest.
1388 silly tarball no local data for data-view-byte-offset@https://registry.npmjs.org/data-view-byte-offset/-/data-view-byte-offset-1.0.1.tgz. Extracting by manifest.
1389 silly tarball no local data for debug@https://registry.npmjs.org/debug/-/debug-4.4.3.tgz. Extracting by manifest.
1390 silly tarball no local data for data-view-byte-length@https://registry.npmjs.org/data-view-byte-length/-/data-view-byte-length-1.0.2.tgz. Extracting by manifest.
1391 silly tarball no local data for damerau-levenshtein@https://registry.npmjs.org/damerau-levenshtein/-/damerau-levenshtein-1.0.8.tgz. Extracting by manifest.
1392 silly tarball no local data for csstype@https://registry.npmjs.org/csstype/-/csstype-3.2.3.tgz. Extracting by manifest.
1393 silly tarball no local data for commander@https://registry.npmjs.org/commander/-/commander-4.1.1.tgz. Extracting by manifest.
1394 silly tarball no local data for concat-map@https://registry.npmjs.org/concat-map/-/concat-map-0.0.1.tgz. Extracting by manifest.
1395 silly tarball no local data for data-view-buffer@https://registry.npmjs.org/data-view-buffer/-/data-view-buffer-1.0.2.tgz. Extracting by manifest.
1396 silly tarball no local data for cssesc@https://registry.npmjs.org/cssesc/-/cssesc-3.0.0.tgz. Extracting by manifest.
1397 silly tarball no local data for color-name@https://registry.npmjs.org/color-name/-/color-name-1.1.4.tgz. Extracting by manifest.
1398 silly tarball no local data for cross-spawn@https://registry.npmjs.org/cross-spawn/-/cross-spawn-7.0.6.tgz. Extracting by manifest.
1399 silly tarball no local data for color-convert@https://registry.npmjs.org/color-convert/-/color-convert-2.0.1.tgz. Extracting by manifest.
1400 silly tarball no local data for client-only@https://registry.npmjs.org/client-only/-/client-only-0.0.1.tgz. Extracting by manifest.
1401 silly tarball no local data for chokidar@https://registry.npmjs.org/chokidar/-/chokidar-3.6.0.tgz. Extracting by manifest.
1402 silly tarball no local data for chalk@https://registry.npmjs.org/chalk/-/chalk-4.1.2.tgz. Extracting by manifest.
1403 silly tarball no local data for callsites@https://registry.npmjs.org/callsites/-/callsites-3.1.0.tgz. Extracting by manifest.
1404 silly tarball no local data for call-bound@https://registry.npmjs.org/call-bound/-/call-bound-1.0.4.tgz. Extracting by manifest.
1405 silly tarball no local data for camelcase-css@https://registry.npmjs.org/camelcase-css/-/camelcase-css-2.0.1.tgz. Extracting by manifest.
1406 silly tarball no local data for caniuse-lite@https://registry.npmjs.org/caniuse-lite/-/caniuse-lite-1.0.30001797.tgz. Extracting by manifest.
1407 silly tarball no local data for call-bind-apply-helpers@https://registry.npmjs.org/call-bind-apply-helpers/-/call-bind-apply-helpers-1.0.2.tgz. Extracting by manifest.
1408 silly tarball no local data for call-bind@https://registry.npmjs.org/call-bind/-/call-bind-1.0.9.tgz. Extracting by manifest.
1409 silly tarball no local data for browserslist@https://registry.npmjs.org/browserslist/-/browserslist-4.28.2.tgz. Extracting by manifest.
1410 silly tarball no local data for braces@https://registry.npmjs.org/braces/-/braces-3.0.3.tgz. Extracting by manifest.
1411 silly tarball no local data for brace-expansion@https://registry.npmjs.org/brace-expansion/-/brace-expansion-1.1.15.tgz. Extracting by manifest.
1412 silly tarball no local data for binary-extensions@https://registry.npmjs.org/binary-extensions/-/binary-extensions-2.3.0.tgz. Extracting by manifest.
1413 silly tarball no local data for axobject-query@https://registry.npmjs.org/axobject-query/-/axobject-query-4.1.0.tgz. Extracting by manifest.
1414 silly tarball no local data for axe-core@https://registry.npmjs.org/axe-core/-/axe-core-4.12.0.tgz. Extracting by manifest.
1415 silly tarball no local data for balanced-match@https://registry.npmjs.org/balanced-match/-/balanced-match-1.0.2.tgz. Extracting by manifest.
1416 silly tarball no local data for baseline-browser-mapping@https://registry.npmjs.org/baseline-browser-mapping/-/baseline-browser-mapping-2.10.34.tgz. Extracting by manifest.
1417 silly tarball no local data for available-typed-arrays@https://registry.npmjs.org/available-typed-arrays/-/available-typed-arrays-1.0.7.tgz. Extracting by manifest.
1418 silly tarball no local data for autoprefixer@https://registry.npmjs.org/autoprefixer/-/autoprefixer-10.5.0.tgz. Extracting by manifest.
1419 silly tarball no local data for async-function@https://registry.npmjs.org/async-function/-/async-function-1.0.0.tgz. Extracting by manifest.
1420 silly tarball no local data for ast-types-flow@https://registry.npmjs.org/ast-types-flow/-/ast-types-flow-0.0.8.tgz. Extracting by manifest.
1421 silly tarball no local data for array.prototype.tosorted@https://registry.npmjs.org/array.prototype.tosorted/-/array.prototype.tosorted-1.1.4.tgz. Extracting by manifest.
1422 silly tarball no local data for arraybuffer.prototype.slice@https://registry.npmjs.org/arraybuffer.prototype.slice/-/arraybuffer.prototype.slice-1.0.4.tgz. Extracting by manifest.
1423 silly tarball no local data for array.prototype.flatmap@https://registry.npmjs.org/array.prototype.flatmap/-/array.prototype.flatmap-1.3.3.tgz. Extracting by manifest.
1424 silly tarball no local data for array.prototype.flat@https://registry.npmjs.org/array.prototype.flat/-/array.prototype.flat-1.3.3.tgz. Extracting by manifest.
1425 silly tarball no local data for array.prototype.findlastindex@https://registry.npmjs.org/array.prototype.findlastindex/-/array.prototype.findlastindex-1.2.6.tgz. Extracting by manifest.
1426 silly tarball no local data for array.prototype.findlast@https://registry.npmjs.org/array.prototype.findlast/-/array.prototype.findlast-1.2.5.tgz. Extracting by manifest.
1427 silly tarball no local data for argparse@https://registry.npmjs.org/argparse/-/argparse-2.0.1.tgz. Extracting by manifest.
1428 silly tarball no local data for aria-query@https://registry.npmjs.org/aria-query/-/aria-query-5.3.2.tgz. Extracting by manifest.
1429 silly tarball no local data for array-includes@https://registry.npmjs.org/array-includes/-/array-includes-3.1.9.tgz. Extracting by manifest.
1430 silly tarball no local data for array-buffer-byte-length@https://registry.npmjs.org/array-buffer-byte-length/-/array-buffer-byte-length-1.0.2.tgz. Extracting by manifest.
1431 silly tarball no local data for any-promise@https://registry.npmjs.org/any-promise/-/any-promise-1.3.0.tgz. Extracting by manifest.
1432 silly tarball no local data for arg@https://registry.npmjs.org/arg/-/arg-5.0.2.tgz. Extracting by manifest.
1433 silly tarball no local data for ajv@https://registry.npmjs.org/ajv/-/ajv-6.15.0.tgz. Extracting by manifest.
1434 silly tarball no local data for acorn-jsx@https://registry.npmjs.org/acorn-jsx/-/acorn-jsx-5.3.2.tgz. Extracting by manifest.
1435 silly tarball no local data for anymatch@https://registry.npmjs.org/anymatch/-/anymatch-3.1.3.tgz. Extracting by manifest.
1436 silly tarball no local data for ansi-styles@https://registry.npmjs.org/ansi-styles/-/ansi-styles-4.3.0.tgz. Extracting by manifest.
1437 silly tarball no local data for acorn@https://registry.npmjs.org/acorn/-/acorn-8.16.0.tgz. Extracting by manifest.
1438 silly tarball no local data for @unrs/resolver-binding-win32-x64-msvc@https://registry.npmjs.org/@unrs/resolver-binding-win32-x64-msvc/-/resolver-binding-win32-x64-msvc-1.12.2.tgz. Extracting by manifest.
1439 silly tarball no local data for @types/json5@https://registry.npmjs.org/@types/json5/-/json5-0.0.29.tgz. Extracting by manifest.
1440 silly tarball no local data for @types/react-dom@https://registry.npmjs.org/@types/react-dom/-/react-dom-19.2.3.tgz. Extracting by manifest.
1441 silly tarball no local data for @types/json-schema@https://registry.npmjs.org/@types/json-schema/-/json-schema-7.0.15.tgz. Extracting by manifest.
1442 silly tarball no local data for @types/node@https://registry.npmjs.org/@types/node/-/node-22.19.20.tgz. Extracting by manifest.
1443 silly tarball no local data for @types/react@https://registry.npmjs.org/@types/react/-/react-19.2.17.tgz. Extracting by manifest.
1444 silly tarball no local data for @types/estree@https://registry.npmjs.org/@types/estree/-/estree-1.0.9.tgz. Extracting by manifest.
1445 silly tarball no local data for @swc/helpers@https://registry.npmjs.org/@swc/helpers/-/helpers-0.5.15.tgz. Extracting by manifest.
1446 silly tarball no local data for @tybys/wasm-util@https://registry.npmjs.org/@tybys/wasm-util/-/wasm-util-0.10.2.tgz. Extracting by manifest.
1447 silly tarball no local data for @jridgewell/trace-mapping@https://registry.npmjs.org/@jridgewell/trace-mapping/-/trace-mapping-0.3.31.tgz. Extracting by manifest.
1448 silly tarball no local data for @nolyfill/is-core-module@https://registry.npmjs.org/@nolyfill/is-core-module/-/is-core-module-1.0.39.tgz. Extracting by manifest.
1449 silly tarball no local data for @rtsao/scc@https://registry.npmjs.org/@rtsao/scc/-/scc-1.1.0.tgz. Extracting by manifest.
1450 silly tarball no local data for @nodelib/fs.walk@https://registry.npmjs.org/@nodelib/fs.walk/-/fs.walk-1.2.8.tgz. Extracting by manifest.
1451 silly tarball no local data for @nodelib/fs.scandir@https://registry.npmjs.org/@nodelib/fs.scandir/-/fs.scandir-2.1.5.tgz. Extracting by manifest.
1452 silly tarball no local data for @napi-rs/wasm-runtime@https://registry.npmjs.org/@napi-rs/wasm-runtime/-/wasm-runtime-1.1.4.tgz. Extracting by manifest.
1453 silly tarball no local data for @jridgewell/sourcemap-codec@https://registry.npmjs.org/@jridgewell/sourcemap-codec/-/sourcemap-codec-1.5.5.tgz. Extracting by manifest.
1454 silly tarball no local data for @jridgewell/resolve-uri@https://registry.npmjs.org/@jridgewell/resolve-uri/-/resolve-uri-3.1.2.tgz. Extracting by manifest.
1455 silly tarball no local data for @jridgewell/gen-mapping@https://registry.npmjs.org/@jridgewell/gen-mapping/-/gen-mapping-0.3.13.tgz. Extracting by manifest.
1456 silly tarball no local data for @nodelib/fs.stat@https://registry.npmjs.org/@nodelib/fs.stat/-/fs.stat-2.0.5.tgz. Extracting by manifest.
1457 silly tarball no local data for @img/sharp-win32-x64@https://registry.npmjs.org/@img/sharp-win32-x64/-/sharp-win32-x64-0.35.1.tgz. Extracting by manifest.
1458 silly tarball no local data for @img/sharp-wasm32@https://registry.npmjs.org/@img/sharp-wasm32/-/sharp-wasm32-0.35.1.tgz. Extracting by manifest.
1459 silly tarball no local data for @img/colour@https://registry.npmjs.org/@img/colour/-/colour-1.1.0.tgz. Extracting by manifest.
1460 silly tarball no local data for @humanwhocodes/retry@https://registry.npmjs.org/@humanwhocodes/retry/-/retry-0.4.3.tgz. Extracting by manifest.
1461 silly tarball no local data for @humanwhocodes/module-importer@https://registry.npmjs.org/@humanwhocodes/module-importer/-/module-importer-1.0.1.tgz. Extracting by manifest.
1462 silly tarball no local data for @eslint/plugin-kit@https://registry.npmjs.org/@eslint/plugin-kit/-/plugin-kit-0.4.1.tgz. Extracting by manifest.
1463 silly tarball no local data for @humanfs/types@https://registry.npmjs.org/@humanfs/types/-/types-0.15.0.tgz. Extracting by manifest.
1464 silly tarball no local data for @humanfs/node@https://registry.npmjs.org/@humanfs/node/-/node-0.16.8.tgz. Extracting by manifest.
1465 silly tarball no local data for @eslint/core@https://registry.npmjs.org/@eslint/core/-/core-0.17.0.tgz. Extracting by manifest.
1466 silly tarball no local data for @eslint/js@https://registry.npmjs.org/@eslint/js/-/js-9.39.4.tgz. Extracting by manifest.
1467 silly tarball no local data for @humanfs/core@https://registry.npmjs.org/@humanfs/core/-/core-0.19.2.tgz. Extracting by manifest.
1468 silly tarball no local data for @eslint/object-schema@https://registry.npmjs.org/@eslint/object-schema/-/object-schema-2.1.7.tgz. Extracting by manifest.
1469 silly tarball no local data for @eslint/config-helpers@https://registry.npmjs.org/@eslint/config-helpers/-/config-helpers-0.4.2.tgz. Extracting by manifest.
1470 silly tarball no local data for @eslint/eslintrc@https://registry.npmjs.org/@eslint/eslintrc/-/eslintrc-3.3.5.tgz. Extracting by manifest.
1471 silly tarball no local data for @eslint/config-array@https://registry.npmjs.org/@eslint/config-array/-/config-array-0.21.2.tgz. Extracting by manifest.
1472 silly tarball no local data for @eslint-community/regexpp@https://registry.npmjs.org/@eslint-community/regexpp/-/regexpp-4.12.2.tgz. Extracting by manifest.
1473 silly tarball no local data for @eslint-community/eslint-utils@https://registry.npmjs.org/@eslint-community/eslint-utils/-/eslint-utils-4.9.1.tgz. Extracting by manifest.
1474 silly tarball no local data for brace-expansion@https://registry.npmjs.org/brace-expansion/-/brace-expansion-5.0.6.tgz. Extracting by manifest.
1475 silly tarball no local data for @emnapi/wasi-threads@https://registry.npmjs.org/@emnapi/wasi-threads/-/wasi-threads-1.2.1.tgz. Extracting by manifest.
1476 silly tarball no local data for balanced-match@https://registry.npmjs.org/balanced-match/-/balanced-match-4.0.4.tgz. Extracting by manifest.
1477 silly tarball no local data for @emnapi/runtime@https://registry.npmjs.org/@emnapi/runtime/-/runtime-1.11.0.tgz. Extracting by manifest.
1478 silly tarball no local data for @emnapi/core@https://registry.npmjs.org/@emnapi/core/-/core-1.10.0.tgz. Extracting by manifest.
1479 silly tarball no local data for @alloc/quick-lru@https://registry.npmjs.org/@alloc/quick-lru/-/quick-lru-5.2.0.tgz. Extracting by manifest.
1480 silly tarball no local data for minimatch@https://registry.npmjs.org/minimatch/-/minimatch-10.2.5.tgz. Extracting by manifest.
1481 silly tarball no local data for eslint-visitor-keys@https://registry.npmjs.org/eslint-visitor-keys/-/eslint-visitor-keys-5.0.1.tgz. Extracting by manifest.
1482 silly tarball no local data for semver@https://registry.npmjs.org/semver/-/semver-6.3.1.tgz. Extracting by manifest.
1483 silly tarball no local data for ignore@https://registry.npmjs.org/ignore/-/ignore-7.0.5.tgz. Extracting by manifest.
1484 silly tarball no local data for json5@https://registry.npmjs.org/json5/-/json5-2.2.3.tgz. Extracting by manifest.
1485 silly tarball no local data for semver@https://registry.npmjs.org/semver/-/semver-6.3.1.tgz. Extracting by manifest.
1486 silly tarball no local data for @img/sharp-win32-x64@https://registry.npmjs.org/@img/sharp-win32-x64/-/sharp-win32-x64-0.34.5.tgz. Extracting by manifest.
1487 silly tarball no local data for sharp@https://registry.npmjs.org/sharp/-/sharp-0.34.5.tgz. Extracting by manifest.
1488 silly tarball no local data for postcss@https://registry.npmjs.org/postcss/-/postcss-8.4.31.tgz. Extracting by manifest.
1489 silly tarball no local data for glob-parent@https://registry.npmjs.org/glob-parent/-/glob-parent-5.1.2.tgz. Extracting by manifest.
1490 silly tarball no local data for globals@https://registry.npmjs.org/globals/-/globals-16.4.0.tgz. Extracting by manifest.
1491 silly tarball no local data for resolve@https://registry.npmjs.org/resolve/-/resolve-1.22.12.tgz. Extracting by manifest.
1492 silly tarball no local data for picomatch@https://registry.npmjs.org/picomatch/-/picomatch-4.0.4.tgz. Extracting by manifest.
1493 silly tarball no local data for glob-parent@https://registry.npmjs.org/glob-parent/-/glob-parent-5.1.2.tgz. Extracting by manifest.
1494 silly tarball no local data for fast-glob@https://registry.npmjs.org/fast-glob/-/fast-glob-3.3.3.tgz. Extracting by manifest.
1495 silly tarball no local data for fdir@https://registry.npmjs.org/fdir/-/fdir-6.5.0.tgz. Extracting by manifest.
1496 silly tarball no local data for resolve@https://registry.npmjs.org/resolve/-/resolve-1.22.12.tgz. Extracting by manifest.
1497 silly tarball no local data for semver@https://registry.npmjs.org/semver/-/semver-6.3.1.tgz. Extracting by manifest.
1498 silly tarball no local data for semver@https://registry.npmjs.org/semver/-/semver-6.3.1.tgz. Extracting by manifest.
1499 silly tarball no local data for semver@https://registry.npmjs.org/semver/-/semver-6.3.1.tgz. Extracting by manifest.
1500 silly tarball no local data for debug@https://registry.npmjs.org/debug/-/debug-3.2.7.tgz. Extracting by manifest.
1501 silly tarball no local data for debug@https://registry.npmjs.org/debug/-/debug-3.2.7.tgz. Extracting by manifest.
1502 silly tarball no local data for debug@https://registry.npmjs.org/debug/-/debug-3.2.7.tgz. Extracting by manifest.
1503 silly tarball no local data for glob-parent@https://registry.npmjs.org/glob-parent/-/glob-parent-5.1.2.tgz. Extracting by manifest.
1504 silly tarball no local data for @emnapi/runtime@https://registry.npmjs.org/@emnapi/runtime/-/runtime-1.10.0.tgz. Extracting by manifest.
1505 silly tarball no local data for eslint-visitor-keys@https://registry.npmjs.org/eslint-visitor-keys/-/eslint-visitor-keys-3.4.3.tgz. Extracting by manifest.
1506 http fetch POST 200 https://registry.npmjs.org/-/npm/v1/security/advisories/bulk 734ms
1507 silly audit report {
1507 silly audit report   postcss: [
1507 silly audit report     {
1507 silly audit report       id: 1117015,
1507 silly audit report       url: 'https://github.com/advisories/GHSA-qx2v-qp2m-jg93',
1507 silly audit report       title: 'PostCSS has XSS via Unescaped </style> in its CSS Stringify Output',
1507 silly audit report       severity: 'moderate',
1507 silly audit report       vulnerable_versions: '<8.5.10',
1507 silly audit report       cwe: [Array],
1507 silly audit report       cvss: [Object]
1507 silly audit report     }
1507 silly audit report   ]
1507 silly audit report }
1508 silly packumentCache corgi:https://registry.npmjs.org/postcss cache-miss
1509 http fetch GET 200 https://registry.npmjs.org/@typescript-eslint/tsconfig-utils/-/tsconfig-utils-8.61.1.tgz 9934ms (cache miss)
1510 http fetch GET 200 https://registry.npmjs.org/@typescript-eslint/project-service/-/project-service-8.61.1.tgz 9938ms (cache miss)
1511 http fetch GET 200 https://registry.npmjs.org/@babel/code-frame/-/code-frame-7.29.7.tgz 10107ms (cache miss)
1512 http fetch GET 200 https://registry.npmjs.org/@typescript-eslint/parser/-/parser-8.61.1.tgz 12228ms (cache miss)
1513 http fetch GET 200 https://registry.npmjs.org/yallist/-/yallist-3.1.1.tgz 12467ms (cache miss)
1514 http fetch GET 200 https://registry.npmjs.org/@babel/helper-globals/-/helper-globals-7.29.7.tgz 14193ms (cache miss)
1515 http fetch GET 200 https://registry.npmjs.org/convert-source-map/-/convert-source-map-2.0.0.tgz 14194ms (cache miss)
1516 http fetch GET 200 https://registry.npmjs.org/@babel/compat-data/-/compat-data-7.29.7.tgz 14473ms (cache miss)
1517 http fetch GET 200 https://registry.npmjs.org/@babel/helper-compilation-targets/-/helper-compilation-targets-7.29.7.tgz 14464ms (cache miss)
1518 http fetch GET 200 https://registry.npmjs.org/typescript-eslint/-/typescript-eslint-8.61.1.tgz 14900ms (cache miss)
1519 http fetch GET 200 https://registry.npmjs.org/which-builtin-type/-/which-builtin-type-1.2.1.tgz 16330ms (cache miss)
1520 http fetch GET 200 https://registry.npmjs.org/which-boxed-primitive/-/which-boxed-primitive-1.1.1.tgz 16329ms (cache miss)
1521 http fetch GET 200 https://registry.npmjs.org/unrs-resolver/-/unrs-resolver-1.12.2.tgz 16592ms (cache miss)
1522 http fetch GET 200 https://registry.npmjs.org/lru-cache/-/lru-cache-5.1.1.tgz 16687ms (cache miss)
1523 http fetch GET 200 https://registry.npmjs.org/which/-/which-2.0.2.tgz 16929ms (cache miss)
1524 http fetch GET 200 https://registry.npmjs.org/@next/env/-/env-16.2.9.tgz 17079ms (cache miss)
1525 http fetch GET 200 https://registry.npmjs.org/@jridgewell/remapping/-/remapping-2.3.5.tgz 17158ms (cache miss)
1526 http fetch GET 200 https://registry.npmjs.org/to-regex-range/-/to-regex-range-5.0.1.tgz 17128ms (cache miss)
1527 http fetch GET 200 https://registry.npmjs.org/@babel/helper-validator-identifier/-/helper-validator-identifier-7.29.7.tgz 17237ms (cache miss)
1528 http fetch GET 200 https://registry.npmjs.org/eslint-config-next/-/eslint-config-next-16.2.9.tgz 17221ms (cache miss)
1529 http fetch GET 200 https://registry.npmjs.org/yocto-queue/-/yocto-queue-0.1.0.tgz 17255ms (cache miss)
1530 http fetch GET 200 https://registry.npmjs.org/word-wrap/-/word-wrap-1.2.5.tgz 17256ms (cache miss)
1531 http fetch GET 200 https://registry.npmjs.org/util-deprecate/-/util-deprecate-1.0.2.tgz 17253ms (cache miss)
1532 http fetch GET 200 https://registry.npmjs.org/update-browserslist-db/-/update-browserslist-db-1.2.3.tgz 17321ms (cache miss)
1533 http fetch GET 200 https://registry.npmjs.org/@babel/helper-validator-option/-/helper-validator-option-7.29.7.tgz 17568ms (cache miss)
1534 http fetch GET 200 https://registry.npmjs.org/gensync/-/gensync-1.0.0-beta.2.tgz 17567ms (cache miss)
1535 http fetch GET 200 https://registry.npmjs.org/type-check/-/type-check-0.4.0.tgz 17584ms (cache miss)
1536 http fetch GET 200 https://registry.npmjs.org/typed-array-buffer/-/typed-array-buffer-1.0.3.tgz 17583ms (cache miss)
1537 http fetch GET 200 https://registry.npmjs.org/which-collection/-/which-collection-1.0.2.tgz 17641ms (cache miss)
1538 http fetch GET 200 https://registry.npmjs.org/@babel/helper-string-parser/-/helper-string-parser-7.29.7.tgz 18305ms (cache miss)
1539 http fetch GET 200 https://registry.npmjs.org/tinyglobby/-/tinyglobby-0.2.17.tgz 18356ms (cache miss)
1540 http fetch GET 200 https://registry.npmjs.org/typed-array-byte-offset/-/typed-array-byte-offset-1.0.4.tgz 18892ms (cache miss)
1541 http fetch GET 200 https://registry.npmjs.org/thenify/-/thenify-3.3.1.tgz 18928ms (cache miss)
1542 http fetch GET 200 https://registry.npmjs.org/typed-array-byte-length/-/typed-array-byte-length-1.0.3.tgz 18940ms (cache miss)
1543 http fetch GET 200 https://registry.npmjs.org/unbox-primitive/-/unbox-primitive-1.1.0.tgz 19152ms (cache miss)
1544 http fetch GET 200 https://registry.npmjs.org/thenify-all/-/thenify-all-1.6.0.tgz 19222ms (cache miss)
1545 http fetch GET 200 https://registry.npmjs.org/set-proto/-/set-proto-1.0.0.tgz 19444ms (cache miss)
1546 http fetch GET 200 https://registry.npmjs.org/set-function-length/-/set-function-length-1.2.2.tgz 19506ms (cache miss)
1547 http fetch GET 200 https://registry.npmjs.org/resolve-pkg-maps/-/resolve-pkg-maps-1.0.0.tgz 19574ms (cache miss)
1548 http fetch GET 200 https://registry.npmjs.org/read-cache/-/read-cache-1.0.0.tgz 19602ms (cache miss)
1549 http fetch GET 200 https://registry.npmjs.org/regexp.prototype.flags/-/regexp.prototype.flags-1.5.4.tgz 19607ms (cache miss)
1550 http fetch GET 200 https://registry.npmjs.org/pirates/-/pirates-4.0.7.tgz 19629ms (cache miss)
1551 http fetch GET 200 https://registry.npmjs.org/p-locate/-/p-locate-5.0.0.tgz 19625ms (cache miss)
1552 http fetch GET 200 https://registry.npmjs.org/path-parse/-/path-parse-1.0.7.tgz 19628ms (cache miss)
1553 http fetch GET 200 https://registry.npmjs.org/p-limit/-/p-limit-3.1.0.tgz 19628ms (cache miss)
1554 http fetch GET 200 https://registry.npmjs.org/micromatch/-/micromatch-4.0.8.tgz 19712ms (cache miss)
1555 http fetch GET 200 https://registry.npmjs.org/minimist/-/minimist-1.2.8.tgz 19715ms (cache miss)
1556 http fetch GET 200 https://registry.npmjs.org/lines-and-columns/-/lines-and-columns-1.2.4.tgz 20202ms (cache miss)
1557 http fetch GET 200 https://registry.npmjs.org/string.prototype.trimstart/-/string.prototype.trimstart-1.0.8.tgz 20385ms (cache miss)
1558 http fetch GET 200 https://registry.npmjs.org/supports-color/-/supports-color-7.2.0.tgz 20388ms (cache miss)
1559 http fetch GET 200 https://registry.npmjs.org/string.prototype.repeat/-/string.prototype.repeat-1.0.0.tgz 20384ms (cache miss)
1560 http fetch GET 200 https://registry.npmjs.org/strip-json-comments/-/strip-json-comments-3.1.1.tgz 20386ms (cache miss)
1561 http fetch GET 200 https://registry.npmjs.org/json-stable-stringify-without-jsonify/-/json-stable-stringify-without-jsonify-1.0.1.tgz 20328ms (cache miss)
1562 http fetch GET 200 https://registry.npmjs.org/string.prototype.trimend/-/string.prototype.trimend-1.0.10.tgz 20387ms (cache miss)
1563 http fetch GET 200 https://registry.npmjs.org/stop-iteration-iterator/-/stop-iteration-iterator-1.1.0.tgz 20417ms (cache miss)
1564 http fetch GET 200 https://registry.npmjs.org/string.prototype.matchall/-/string.prototype.matchall-4.0.12.tgz 21054ms (cache miss)
1565 http fetch GET 200 https://registry.npmjs.org/isexe/-/isexe-2.0.0.tgz 20996ms (cache miss)
1566 http fetch GET 200 https://registry.npmjs.org/side-channel-map/-/side-channel-map-1.0.1.tgz 21052ms (cache miss)
1567 http fetch GET 200 https://registry.npmjs.org/stable-hash/-/stable-hash-0.0.5.tgz 21055ms (cache miss)
1568 http fetch GET 200 https://registry.npmjs.org/shebang-command/-/shebang-command-2.0.0.tgz 21049ms (cache miss)
1569 http fetch GET 200 https://registry.npmjs.org/side-channel/-/side-channel-1.1.1.tgz 21049ms (cache miss)
1570 http fetch GET 200 https://registry.npmjs.org/set-function-name/-/set-function-name-2.0.2.tgz 21048ms (cache miss)
1571 http fetch GET 200 https://registry.npmjs.org/side-channel-weakmap/-/side-channel-weakmap-1.0.2.tgz 21054ms (cache miss)
1572 http fetch GET 200 https://registry.npmjs.org/shebang-regex/-/shebang-regex-3.0.0.tgz 21079ms (cache miss)
1573 http fetch GET 200 https://registry.npmjs.org/run-parallel/-/run-parallel-1.2.0.tgz 21171ms (cache miss)
1574 http fetch GET 200 https://registry.npmjs.org/safe-array-concat/-/safe-array-concat-1.1.4.tgz 21174ms (cache miss)
1575 http fetch GET 200 https://registry.npmjs.org/resolve-from/-/resolve-from-4.0.0.tgz 21201ms (cache miss)
1576 http fetch GET 200 https://registry.npmjs.org/reusify/-/reusify-1.1.0.tgz 21202ms (cache miss)
1577 http fetch GET 200 https://registry.npmjs.org/readdirp/-/readdirp-3.6.0.tgz 21260ms (cache miss)
1578 http fetch GET 200 https://registry.npmjs.org/isarray/-/isarray-2.0.5.tgz 21222ms (cache miss)
1579 http fetch GET 200 https://registry.npmjs.org/postcss-value-parser/-/postcss-value-parser-4.2.0.tgz 21258ms (cache miss)
1580 http fetch GET 200 https://registry.npmjs.org/reflect.getprototypeof/-/reflect.getprototypeof-1.0.10.tgz 21298ms (cache miss)
1581 http fetch GET 200 https://registry.npmjs.org/postcss-js/-/postcss-js-4.1.0.tgz 21291ms (cache miss)
1582 http fetch GET 200 https://registry.npmjs.org/postcss-nested/-/postcss-nested-6.2.0.tgz 21293ms (cache miss)
1583 http fetch GET 200 https://registry.npmjs.org/postcss-load-config/-/postcss-load-config-6.0.1.tgz 21323ms (cache miss)
1584 http fetch GET 200 https://registry.npmjs.org/path-exists/-/path-exists-4.0.0.tgz 21318ms (cache miss)
1585 http fetch GET 200 https://registry.npmjs.org/parent-module/-/parent-module-1.0.1.tgz 21320ms (cache miss)
1586 http fetch GET 200 https://registry.npmjs.org/iterator.prototype/-/iterator.prototype-1.1.5.tgz 21293ms (cache miss)
1587 http fetch GET 200 https://registry.npmjs.org/own-keys/-/own-keys-1.0.1.tgz 21321ms (cache miss)
1588 http fetch GET 200 https://registry.npmjs.org/path-key/-/path-key-3.1.1.tgz 21322ms (cache miss)
1589 http fetch GET 200 https://registry.npmjs.org/object.fromentries/-/object.fromentries-2.0.8.tgz 21318ms (cache miss)
1590 http fetch GET 200 https://registry.npmjs.org/object.groupby/-/object.groupby-1.0.3.tgz 21321ms (cache miss)
1591 http fetch GET 200 https://registry.npmjs.org/normalize-path/-/normalize-path-3.0.0.tgz 21343ms (cache miss)
1592 http fetch GET 200 https://registry.npmjs.org/node-releases/-/node-releases-2.0.47.tgz 21343ms (cache miss)
1593 http fetch GET 200 https://registry.npmjs.org/mz/-/mz-2.7.0.tgz 21341ms (cache miss)
1594 http fetch GET 200 https://registry.npmjs.org/nanoid/-/nanoid-3.3.12.tgz 21344ms (cache miss)
1595 http fetch GET 200 https://registry.npmjs.org/motion-utils/-/motion-utils-11.18.1.tgz 21369ms (cache miss)
1596 http fetch GET 200 https://registry.npmjs.org/merge2/-/merge2-1.4.1.tgz 21397ms (cache miss)
1597 http fetch GET 200 https://registry.npmjs.org/scheduler/-/scheduler-0.27.0.tgz 21563ms (cache miss)
1598 http fetch GET 200 https://registry.npmjs.org/is-weakref/-/is-weakref-1.1.1.tgz 21603ms (cache miss)
1599 http fetch GET 200 https://registry.npmjs.org/is-set/-/is-set-2.0.3.tgz 21634ms (cache miss)
1600 http fetch GET 200 https://registry.npmjs.org/loose-envify/-/loose-envify-1.4.0.tgz 21650ms (cache miss)
1601 http fetch GET 200 https://registry.npmjs.org/locate-path/-/locate-path-6.0.0.tgz 21650ms (cache miss)
1602 http fetch GET 200 https://registry.npmjs.org/math-intrinsics/-/math-intrinsics-1.1.0.tgz 21678ms (cache miss)
1603 http fetch GET 200 https://registry.npmjs.org/language-tags/-/language-tags-1.0.9.tgz 21675ms (cache miss)
1604 http fetch GET 200 https://registry.npmjs.org/lilconfig/-/lilconfig-3.1.3.tgz 21679ms (cache miss)
1605 http fetch GET 200 https://registry.npmjs.org/jsesc/-/jsesc-3.1.0.tgz 21798ms (cache miss)
1606 http fetch GET 200 https://registry.npmjs.org/is-regex/-/is-regex-1.2.1.tgz 21694ms (cache miss)
1607 http fetch GET 200 https://registry.npmjs.org/is-glob/-/is-glob-4.0.3.tgz 21694ms (cache miss)
1608 http fetch GET 200 https://registry.npmjs.org/optionator/-/optionator-0.9.4.tgz 21788ms (cache miss)
1609 http fetch GET 200 https://registry.npmjs.org/keyv/-/keyv-4.5.4.tgz 21767ms (cache miss)
1610 http fetch GET 200 https://registry.npmjs.org/json-schema-traverse/-/json-schema-traverse-0.4.1.tgz 21828ms (cache miss)
1611 http fetch GET 200 https://registry.npmjs.org/node-exports-info/-/node-exports-info-1.6.0.tgz 21844ms (cache miss)
1612 http fetch GET 200 https://registry.npmjs.org/object-keys/-/object-keys-1.1.1.tgz 21877ms (cache miss)
1613 http fetch GET 200 https://registry.npmjs.org/ms/-/ms-2.1.3.tgz 21873ms (cache miss)
1614 http fetch GET 200 https://registry.npmjs.org/is-finalizationregistry/-/is-finalizationregistry-1.1.1.tgz 21848ms (cache miss)
1615 http fetch GET 200 https://registry.npmjs.org/strip-bom/-/strip-bom-3.0.0.tgz 21926ms (cache miss)
1616 http fetch GET 200 https://registry.npmjs.org/minimatch/-/minimatch-3.1.5.tgz 21903ms (cache miss)
1617 http fetch GET 200 https://registry.npmjs.org/is-bun-module/-/is-bun-module-2.0.0.tgz 21878ms (cache miss)
1618 http fetch GET 200 https://registry.npmjs.org/is-binary-path/-/is-binary-path-2.1.0.tgz 21878ms (cache miss)
1619 http fetch GET 200 https://registry.npmjs.org/imurmurhash/-/imurmurhash-0.1.4.tgz 21909ms (cache miss)
1620 http fetch GET 200 https://registry.npmjs.org/internal-slot/-/internal-slot-1.1.0.tgz 21909ms (cache miss)
1621 http fetch GET 200 https://registry.npmjs.org/has-tostringtag/-/has-tostringtag-1.0.2.tgz 21935ms (cache miss)
1622 http fetch GET 200 https://registry.npmjs.org/import-fresh/-/import-fresh-3.3.1.tgz 21966ms (cache miss)
1623 http fetch GET 200 https://registry.npmjs.org/has-flag/-/has-flag-4.0.0.tgz 21965ms (cache miss)
1624 http fetch GET 200 https://registry.npmjs.org/estraverse/-/estraverse-5.3.0.tgz 21996ms (cache miss)
1625 http fetch GET 200 https://registry.npmjs.org/find-up/-/find-up-5.0.0.tgz 22002ms (cache miss)
1626 http fetch GET 200 https://registry.npmjs.org/esrecurse/-/esrecurse-4.3.0.tgz 21999ms (cache miss)
1627 http fetch GET 200 https://registry.npmjs.org/eslint-import-resolver-node/-/eslint-import-resolver-node-0.3.10.tgz 22039ms (cache miss)
1628 http fetch GET 200 https://registry.npmjs.org/es-object-atoms/-/es-object-atoms-1.1.2.tgz 22071ms (cache miss)
1629 http fetch GET 200 https://registry.npmjs.org/deep-is/-/deep-is-0.1.4.tgz 22058ms (cache miss)
1630 http fetch GET 200 https://registry.npmjs.org/dlv/-/dlv-1.1.3.tgz 22065ms (cache miss)
1631 http fetch GET 200 https://registry.npmjs.org/data-view-byte-offset/-/data-view-byte-offset-1.0.1.tgz 22089ms (cache miss)
1632 http fetch GET 200 https://registry.npmjs.org/damerau-levenshtein/-/damerau-levenshtein-1.0.8.tgz 22086ms (cache miss)
1633 http fetch GET 200 https://registry.npmjs.org/define-data-property/-/define-data-property-1.1.4.tgz 22120ms (cache miss)
1634 http fetch GET 200 https://registry.npmjs.org/color-convert/-/color-convert-2.0.1.tgz 22108ms (cache miss)
1635 http fetch GET 200 https://registry.npmjs.org/string.prototype.includes/-/string.prototype.includes-2.0.1.tgz 22355ms (cache miss)
1636 http fetch GET 200 https://registry.npmjs.org/ast-types-flow/-/ast-types-flow-0.0.8.tgz 22212ms (cache miss)
1637 http fetch GET 200 https://registry.npmjs.org/any-promise/-/any-promise-1.3.0.tgz 22207ms (cache miss)
1638 http fetch GET 200 https://registry.npmjs.org/@humanfs/node/-/node-0.16.8.tgz 22196ms (cache miss)
1639 http fetch GET 200 https://registry.npmjs.org/brace-expansion/-/brace-expansion-5.0.6.tgz 22217ms (cache miss)
1640 http fetch GET 200 https://registry.npmjs.org/balanced-match/-/balanced-match-4.0.4.tgz 22218ms (cache miss)
1641 http fetch GET 200 https://registry.npmjs.org/safe-push-apply/-/safe-push-apply-1.0.0.tgz 22423ms (cache miss)
1642 http fetch GET 200 https://registry.npmjs.org/json-buffer/-/json-buffer-3.0.1.tgz 22418ms (cache miss)
1643 http fetch GET 200 https://registry.npmjs.org/eslint-visitor-keys/-/eslint-visitor-keys-3.4.3.tgz 22240ms (cache miss)
1644 http fetch GET 200 https://registry.npmjs.org/queue-microtask/-/queue-microtask-1.2.3.tgz 22453ms (cache miss)
1645 http fetch GET 200 https://registry.npmjs.org/prelude-ls/-/prelude-ls-1.2.1.tgz 22482ms (cache miss)
1646 http fetch GET 200 https://registry.npmjs.org/picocolors/-/picocolors-1.1.1.tgz 22483ms (cache miss)
1647 http fetch GET 200 https://registry.npmjs.org/possible-typed-array-names/-/possible-typed-array-names-1.1.0.tgz 22485ms (cache miss)
1648 http fetch GET 200 https://registry.npmjs.org/object.values/-/object.values-1.2.1.tgz 22510ms (cache miss)
1649 http fetch GET 200 https://registry.npmjs.org/object-assign/-/object-assign-4.1.1.tgz 22535ms (cache miss)
1650 http fetch GET 200 https://registry.npmjs.org/natural-compare/-/natural-compare-1.4.0.tgz 22536ms (cache miss)
1651 http fetch GET 200 https://registry.npmjs.org/lodash.merge/-/lodash.merge-4.6.2.tgz 22565ms (cache miss)
1652 http fetch GET 200 https://registry.npmjs.org/react-is/-/react-is-16.13.1.tgz 23011ms (cache miss)
1653 http fetch GET 200 https://registry.npmjs.org/is-number/-/is-number-7.0.0.tgz 22971ms (cache miss)
1654 http fetch GET 200 https://registry.npmjs.org/is-shared-array-buffer/-/is-shared-array-buffer-1.0.4.tgz 22972ms (cache miss)
1655 http fetch GET 200 https://registry.npmjs.org/punycode/-/punycode-2.3.1.tgz 23012ms (cache miss)
1656 http fetch GET 200 https://registry.npmjs.org/is-number-object/-/is-number-object-1.1.1.tgz 23004ms (cache miss)
1657 http fetch GET 200 https://registry.npmjs.org/pify/-/pify-2.3.0.tgz 23076ms (cache miss)
1658 http fetch GET 200 https://registry.npmjs.org/is-map/-/is-map-2.0.3.tgz 23075ms (cache miss)
1659 http fetch GET 200 https://registry.npmjs.org/js-tokens/-/js-tokens-4.0.0.tgz 23083ms (cache miss)
1660 http fetch GET 200 https://registry.npmjs.org/is-extglob/-/is-extglob-2.1.1.tgz 23105ms (cache miss)
1661 http fetch GET 200 https://registry.npmjs.org/is-callable/-/is-callable-1.2.7.tgz 23099ms (cache miss)
1662 http fetch GET 200 https://registry.npmjs.org/is-bigint/-/is-bigint-1.1.0.tgz 23103ms (cache miss)
1663 http fetch GET 200 https://registry.npmjs.org/hasown/-/hasown-2.0.4.tgz 23126ms (cache miss)
1664 http fetch GET 200 https://registry.npmjs.org/gopd/-/gopd-1.2.0.tgz 23126ms (cache miss)
1665 http fetch GET 200 https://registry.npmjs.org/has-bigints/-/has-bigints-1.1.0.tgz 23128ms (cache miss)
1666 http fetch GET 200 https://registry.npmjs.org/glob-parent/-/glob-parent-6.0.2.tgz 23127ms (cache miss)
1667 http fetch GET 200 https://registry.npmjs.org/function.prototype.name/-/function.prototype.name-1.1.8.tgz 23123ms (cache miss)
1668 http fetch GET 200 https://registry.npmjs.org/get-symbol-description/-/get-symbol-description-1.1.0.tgz 23127ms (cache miss)
1669 http fetch GET 200 https://registry.npmjs.org/functions-have-names/-/functions-have-names-1.2.3.tgz 23126ms (cache miss)
1670 http fetch GET 200 https://registry.npmjs.org/function-bind/-/function-bind-1.1.2.tgz 23125ms (cache miss)
1671 http fetch GET 200 https://registry.npmjs.org/get-proto/-/get-proto-1.0.1.tgz 23125ms (cache miss)
1672 http fetch GET 200 https://registry.npmjs.org/flatted/-/flatted-3.4.2.tgz 23122ms (cache miss)
1673 http fetch GET 200 https://registry.npmjs.org/generator-function/-/generator-function-2.0.1.tgz 23166ms (cache miss)
1674 http fetch GET 200 https://registry.npmjs.org/fast-levenshtein/-/fast-levenshtein-2.0.6.tgz 23161ms (cache miss)
1675 http fetch GET 200 https://registry.npmjs.org/fill-range/-/fill-range-7.1.1.tgz 23165ms (cache miss)
1676 http fetch GET 200 https://registry.npmjs.org/fast-json-stable-stringify/-/fast-json-stable-stringify-2.1.0.tgz 23162ms (cache miss)
1677 http fetch GET 200 https://registry.npmjs.org/escape-string-regexp/-/escape-string-regexp-4.0.0.tgz 23173ms (cache miss)
1678 http fetch GET 200 https://registry.npmjs.org/escalade/-/escalade-3.2.0.tgz 23174ms (cache miss)
1679 http fetch GET 200 https://registry.npmjs.org/es-shim-unscopables/-/es-shim-unscopables-1.1.0.tgz 23173ms (cache miss)
1680 http fetch GET 200 https://registry.npmjs.org/didyoumean/-/didyoumean-1.2.2.tgz 23166ms (cache miss)
1681 http fetch GET 200 https://registry.npmjs.org/es-set-tostringtag/-/es-set-tostringtag-2.1.0.tgz 23178ms (cache miss)
1682 http fetch GET 200 https://registry.npmjs.org/es-errors/-/es-errors-1.3.0.tgz 23177ms (cache miss)
1683 http fetch GET 200 https://registry.npmjs.org/define-properties/-/define-properties-1.2.1.tgz 23167ms (cache miss)
1684 http fetch GET 200 https://registry.npmjs.org/detect-libc/-/detect-libc-2.1.2.tgz 23172ms (cache miss)
1685 http fetch GET 200 https://registry.npmjs.org/data-view-buffer/-/data-view-buffer-1.0.2.tgz 23161ms (cache miss)
1686 http fetch GET 200 https://registry.npmjs.org/concat-map/-/concat-map-0.0.1.tgz 23162ms (cache miss)
1687 http fetch GET 200 https://registry.npmjs.org/color-name/-/color-name-1.1.4.tgz 23160ms (cache miss)
1688 http fetch GET 200 https://registry.npmjs.org/cross-spawn/-/cross-spawn-7.0.6.tgz 23161ms (cache miss)
1689 http fetch GET 200 https://registry.npmjs.org/call-bind-apply-helpers/-/call-bind-apply-helpers-1.0.2.tgz 23175ms (cache miss)
1690 http fetch GET 200 https://registry.npmjs.org/call-bind/-/call-bind-1.0.9.tgz 23177ms (cache miss)
1691 http fetch GET 200 https://registry.npmjs.org/callsites/-/callsites-3.1.0.tgz 23183ms (cache miss)
1692 http fetch GET 200 https://registry.npmjs.org/chalk/-/chalk-4.1.2.tgz 23187ms (cache miss)
1693 http fetch GET 200 https://registry.npmjs.org/brace-expansion/-/brace-expansion-1.1.15.tgz 23178ms (cache miss)
1694 http fetch GET 200 https://registry.npmjs.org/binary-extensions/-/binary-extensions-2.3.0.tgz 23178ms (cache miss)
1695 http fetch GET 200 https://registry.npmjs.org/array.prototype.findlastindex/-/array.prototype.findlastindex-1.2.6.tgz 23194ms (cache miss)
1696 http fetch GET 200 https://registry.npmjs.org/async-function/-/async-function-1.0.0.tgz 23199ms (cache miss)
1697 http fetch GET 200 https://registry.npmjs.org/array.prototype.tosorted/-/array.prototype.tosorted-1.1.4.tgz 23199ms (cache miss)
1698 http fetch GET 200 https://registry.npmjs.org/array-buffer-byte-length/-/array-buffer-byte-length-1.0.2.tgz 23192ms (cache miss)
1699 http fetch GET 200 https://registry.npmjs.org/arraybuffer.prototype.slice/-/arraybuffer.prototype.slice-1.0.4.tgz 23198ms (cache miss)
1700 http fetch GET 200 https://registry.npmjs.org/arg/-/arg-5.0.2.tgz 23194ms (cache miss)
1701 http fetch GET 200 https://registry.npmjs.org/@types/react-dom/-/react-dom-19.2.3.tgz 23192ms (cache miss)
1702 http fetch GET 200 https://registry.npmjs.org/@nolyfill/is-core-module/-/is-core-module-1.0.39.tgz 23188ms (cache miss)
1703 http fetch GET 200 https://registry.npmjs.org/@types/json5/-/json5-0.0.29.tgz 23194ms (cache miss)
1704 http fetch GET 200 https://registry.npmjs.org/@humanwhocodes/retry/-/retry-0.4.3.tgz 23180ms (cache miss)
1705 http fetch GET 200 https://registry.npmjs.org/@types/json-schema/-/json-schema-7.0.15.tgz 23194ms (cache miss)
1706 http fetch GET 200 https://registry.npmjs.org/@nodelib/fs.scandir/-/fs.scandir-2.1.5.tgz 23187ms (cache miss)
1707 http fetch GET 200 https://registry.npmjs.org/@rtsao/scc/-/scc-1.1.0.tgz 23189ms (cache miss)
1708 http fetch GET 200 https://registry.npmjs.org/@humanfs/types/-/types-0.15.0.tgz 23180ms (cache miss)
1709 http fetch GET 200 https://registry.npmjs.org/@humanwhocodes/module-importer/-/module-importer-1.0.1.tgz 23182ms (cache miss)
1710 http fetch GET 200 https://registry.npmjs.org/@eslint/js/-/js-9.39.4.tgz 23200ms (cache miss)
1711 http fetch GET 200 https://registry.npmjs.org/@eslint/object-schema/-/object-schema-2.1.7.tgz 23204ms (cache miss)
1712 http fetch GET 200 https://registry.npmjs.org/@nodelib/fs.stat/-/fs.stat-2.0.5.tgz 23243ms (cache miss)
1713 http fetch GET 200 https://registry.npmjs.org/is-date-object/-/is-date-object-1.1.0.tgz 23528ms (cache miss)
1714 http fetch GET 200 https://registry.npmjs.org/fast-deep-equal/-/fast-deep-equal-3.1.3.tgz 23547ms (cache miss)
1715 http fetch GET 200 https://registry.npmjs.org/eslint-import-resolver-typescript/-/eslint-import-resolver-typescript-3.10.1.tgz 23542ms (cache miss)
1716 http fetch GET 200 https://registry.npmjs.org/dunder-proto/-/dunder-proto-1.0.1.tgz 23565ms (cache miss)
1717 http fetch GET 200 https://registry.npmjs.org/es-define-property/-/es-define-property-1.0.1.tgz 23566ms (cache miss)
1718 http fetch GET 200 https://registry.npmjs.org/call-bound/-/call-bound-1.0.4.tgz 23547ms (cache miss)
1719 http fetch GET 200 https://registry.npmjs.org/client-only/-/client-only-0.0.1.tgz 23579ms (cache miss)
1720 http fetch GET 200 https://registry.npmjs.org/balanced-match/-/balanced-match-1.0.2.tgz 23566ms (cache miss)
1721 http fetch GET 200 https://registry.npmjs.org/available-typed-arrays/-/available-typed-arrays-1.0.7.tgz 23566ms (cache miss)
1722 http fetch GET 200 https://registry.npmjs.org/anymatch/-/anymatch-3.1.3.tgz 23556ms (cache miss)
1723 http fetch GET 200 https://registry.npmjs.org/@types/estree/-/estree-1.0.9.tgz 23554ms (cache miss)
1724 http fetch GET 200 https://registry.npmjs.org/@humanfs/core/-/core-0.19.2.tgz 23568ms (cache miss)
1725 http fetch GET 200 https://registry.npmjs.org/is-symbol/-/is-symbol-1.1.1.tgz 23727ms (cache miss)
1726 http fetch GET 200 https://registry.npmjs.org/@alloc/quick-lru/-/quick-lru-5.2.0.tgz 23601ms (cache miss)
1727 http fetch GET 200 https://registry.npmjs.org/glob-parent/-/glob-parent-5.1.2.tgz 23589ms (cache miss)
1728 http fetch GET 200 https://registry.npmjs.org/has-proto/-/has-proto-1.2.0.tgz 23856ms (cache miss)
1729 http fetch GET 200 https://registry.npmjs.org/get-intrinsic/-/get-intrinsic-1.3.0.tgz 23852ms (cache miss)
1730 http fetch GET 200 https://registry.npmjs.org/file-entry-cache/-/file-entry-cache-8.0.0.tgz 23850ms (cache miss)
1731 http fetch GET 200 https://registry.npmjs.org/eslint-visitor-keys/-/eslint-visitor-keys-4.2.1.tgz 23844ms (cache miss)
1732 http fetch GET 200 https://registry.npmjs.org/camelcase-css/-/camelcase-css-2.0.1.tgz 23844ms (cache miss)
1733 http fetch GET 200 https://registry.npmjs.org/@typescript-eslint/visitor-keys/-/visitor-keys-8.61.1.tgz 24075ms (cache miss)
1734 http fetch GET 200 https://registry.npmjs.org/glob-parent/-/glob-parent-5.1.2.tgz 23907ms (cache miss)
1735 http fetch GET 200 https://registry.npmjs.org/glob-parent/-/glob-parent-5.1.2.tgz 23890ms (cache miss)
1736 http fetch GET 200 https://registry.npmjs.org/es-to-primitive/-/es-to-primitive-1.3.0.tgz 24131ms (cache miss)
1737 http fetch GET 200 https://registry.npmjs.org/cssesc/-/cssesc-3.0.0.tgz 24150ms (cache miss)
1738 http fetch GET 200 https://registry.npmjs.org/ansi-styles/-/ansi-styles-4.3.0.tgz 24202ms (cache miss)
1739 http fetch GET 200 https://registry.npmjs.org/object-hash/-/object-hash-3.0.0.tgz 25820ms (cache miss)
1740 http fetch GET 200 https://registry.npmjs.org/levn/-/levn-0.4.1.tgz 25962ms (cache miss)
1741 http fetch GET 200 https://registry.npmjs.org/ignore/-/ignore-5.3.2.tgz 26513ms (cache miss)
1742 http fetch GET 200 https://registry.npmjs.org/acorn-jsx/-/acorn-jsx-5.3.2.tgz 26559ms (cache miss)
1743 http fetch GET 200 https://registry.npmjs.org/ignore/-/ignore-7.0.5.tgz 27274ms (cache miss)
1744 http fetch GET 200 https://registry.npmjs.org/@img/colour/-/colour-1.1.0.tgz 27421ms (cache miss)
1745 http fetch GET 200 https://registry.npmjs.org/semver/-/semver-6.3.1.tgz 27620ms (cache miss)
1746 http fetch GET 200 https://registry.npmjs.org/semver/-/semver-6.3.1.tgz 27639ms (cache miss)
1747 http fetch GET 200 https://registry.npmjs.org/semver/-/semver-6.3.1.tgz 27655ms (cache miss)
1748 http fetch GET 200 https://registry.npmjs.org/semver/-/semver-6.3.1.tgz 27640ms (cache miss)
1749 http fetch GET 200 https://registry.npmjs.org/semver/-/semver-6.3.1.tgz 27640ms (cache miss)
1750 http fetch GET 200 https://registry.npmjs.org/debug/-/debug-4.4.3.tgz 27888ms (cache miss)
1751 http fetch GET 200 https://registry.npmjs.org/flat-cache/-/flat-cache-4.0.1.tgz 27921ms (cache miss)
1752 http fetch GET 200 https://registry.npmjs.org/globals/-/globals-14.0.0.tgz 27958ms (cache miss)
1753 http fetch GET 200 https://registry.npmjs.org/commander/-/commander-4.1.1.tgz 27950ms (cache miss)
1754 http fetch GET 200 https://registry.npmjs.org/esutils/-/esutils-2.0.3.tgz 28209ms (cache miss)
1755 http fetch GET 200 https://registry.npmjs.org/@eslint/core/-/core-0.17.0.tgz 28219ms (cache miss)
1756 http fetch GET 200 https://registry.npmjs.org/fdir/-/fdir-6.5.0.tgz 28292ms (cache miss)
1757 http fetch GET 200 https://registry.npmjs.org/ts-interface-checker/-/ts-interface-checker-0.1.13.tgz 28668ms (cache miss)
1758 http fetch GET 200 https://registry.npmjs.org/typed-array-length/-/typed-array-length-1.0.8.tgz 29201ms (cache miss)
1759 http fetch GET 200 https://registry.npmjs.org/globals/-/globals-16.4.0.tgz 29180ms (cache miss)
1760 http fetch GET 200 https://registry.npmjs.org/@jridgewell/resolve-uri/-/resolve-uri-3.1.2.tgz 29306ms (cache miss)
1761 http fetch GET 200 https://registry.npmjs.org/ts-api-utils/-/ts-api-utils-2.5.0.tgz 29666ms (cache miss)
1762 http fetch GET 200 https://registry.npmjs.org/supports-preserve-symlinks-flag/-/supports-preserve-symlinks-flag-1.0.0.tgz 29681ms (cache miss)
1763 http fetch GET 200 https://registry.npmjs.org/@babel/helper-module-imports/-/helper-module-imports-7.29.7.tgz 29717ms (cache miss)
1764 http fetch GET 200 https://registry.npmjs.org/has-property-descriptors/-/has-property-descriptors-1.0.2.tgz 29627ms (cache miss)
1765 http fetch GET 200 https://registry.npmjs.org/is-core-module/-/is-core-module-2.16.2.tgz 29635ms (cache miss)
1766 http fetch GET 200 https://registry.npmjs.org/argparse/-/argparse-2.0.1.tgz 29618ms (cache miss)
1767 http fetch GET 200 https://registry.npmjs.org/get-tsconfig/-/get-tsconfig-4.14.0.tgz 29691ms (cache miss)
1768 http fetch GET 200 https://registry.npmjs.org/picomatch/-/picomatch-2.3.2.tgz 29839ms (cache miss)
1769 http fetch GET 200 https://registry.npmjs.org/chokidar/-/chokidar-3.6.0.tgz 29877ms (cache miss)
1770 http fetch GET 200 https://registry.npmjs.org/eslint-visitor-keys/-/eslint-visitor-keys-5.0.1.tgz 29824ms (cache miss)
1771 http fetch GET 200 https://registry.npmjs.org/debug/-/debug-3.2.7.tgz 29840ms (cache miss)
1772 http fetch GET 200 https://registry.npmjs.org/debug/-/debug-3.2.7.tgz 29843ms (cache miss)
1773 http fetch GET 200 https://registry.npmjs.org/debug/-/debug-3.2.7.tgz 29870ms (cache miss)
1774 http fetch GET 200 https://registry.npmjs.org/which-typed-array/-/which-typed-array-1.1.22.tgz 30109ms (cache miss)
1775 http fetch GET 200 https://registry.npmjs.org/safe-regex-test/-/safe-regex-test-1.1.0.tgz 30503ms (cache miss)
1776 http fetch GET 200 https://registry.npmjs.org/postcss 30045ms (cache miss)
1777 silly packumentCache corgi:https://registry.npmjs.org/postcss set size:undefined disposed:false
1778 http fetch GET 200 https://registry.npmjs.org/doctrine/-/doctrine-2.1.0.tgz 30718ms (cache miss)
1779 http fetch GET 200 https://registry.npmjs.org/is-array-buffer/-/is-array-buffer-3.0.5.tgz 30836ms (cache miss)
1780 http fetch GET 200 https://registry.npmjs.org/is-async-function/-/is-async-function-2.1.1.tgz 30838ms (cache miss)
1781 http fetch GET 200 https://registry.npmjs.org/braces/-/braces-3.0.3.tgz 30898ms (cache miss)
1782 http fetch GET 200 https://registry.npmjs.org/data-view-byte-length/-/data-view-byte-length-1.0.2.tgz 31050ms (cache miss)
1783 http fetch GET 200 https://registry.npmjs.org/is-string/-/is-string-1.1.1.tgz 31195ms (cache miss)
1784 http fetch GET 200 https://registry.npmjs.org/espree/-/espree-10.4.0.tgz 31282ms (cache miss)
1785 http fetch GET 200 https://registry.npmjs.org/browserslist/-/browserslist-4.28.2.tgz 31245ms (cache miss)
1786 http fetch GET 200 https://registry.npmjs.org/baseline-browser-mapping/-/baseline-browser-mapping-2.10.34.tgz 31281ms (cache miss)
1787 http fetch GET 200 https://registry.npmjs.org/picomatch/-/picomatch-4.0.4.tgz 31258ms (cache miss)
1788 http fetch GET 200 https://registry.npmjs.org/postcss-import/-/postcss-import-15.1.0.tgz 31442ms (cache miss)
1789 http fetch GET 200 https://registry.npmjs.org/@typescript-eslint/types/-/types-8.61.1.tgz 31562ms (cache miss)
1790 http fetch GET 200 https://registry.npmjs.org/@eslint/config-helpers/-/config-helpers-0.4.2.tgz 31411ms (cache miss)
1791 http fetch GET 200 https://registry.npmjs.org/is-data-view/-/is-data-view-1.0.2.tgz 31558ms (cache miss)
1792 http fetch GET 200 https://registry.npmjs.org/side-channel-list/-/side-channel-list-1.0.1.tgz 31666ms (cache miss)
1793 http fetch GET 200 https://registry.npmjs.org/is-typed-array/-/is-typed-array-1.1.15.tgz 33021ms (cache miss)
1794 http fetch GET 200 https://registry.npmjs.org/is-boolean-object/-/is-boolean-object-1.2.2.tgz 33109ms (cache miss)
1795 http fetch GET 200 https://registry.npmjs.org/is-weakmap/-/is-weakmap-2.0.2.tgz 33187ms (cache miss)
1796 http fetch GET 200 https://registry.npmjs.org/is-negative-zero/-/is-negative-zero-2.0.3.tgz 33216ms (cache miss)
1797 http fetch GET 200 https://registry.npmjs.org/tslib/-/tslib-2.8.1.tgz 33359ms (cache miss)
1798 http fetch GET 200 https://registry.npmjs.org/@eslint/plugin-kit/-/plugin-kit-0.4.1.tgz 33234ms (cache miss)
1799 http fetch GET 200 https://registry.npmjs.org/prop-types/-/prop-types-15.8.1.tgz 33418ms (cache miss)
1800 http fetch GET 200 https://registry.npmjs.org/is-generator-function/-/is-generator-function-1.1.2.tgz 33450ms (cache miss)
1801 http fetch GET 200 https://registry.npmjs.org/is-weakset/-/is-weakset-2.0.4.tgz 33489ms (cache miss)
1802 http fetch GET 200 https://registry.npmjs.org/for-each/-/for-each-0.3.5.tgz 33591ms (cache miss)
1803 http fetch GET 200 https://registry.npmjs.org/json5/-/json5-1.0.2.tgz 33655ms (cache miss)
1804 http fetch GET 200 https://registry.npmjs.org/electron-to-chromium/-/electron-to-chromium-1.5.368.tgz 33925ms (cache miss)
1805 http fetch GET 200 https://registry.npmjs.org/string.prototype.trim/-/string.prototype.trim-1.2.11.tgz 34099ms (cache miss)
1806 silly packumentCache corgi:https://registry.npmjs.org/next cache-miss
1807 http fetch GET 200 https://registry.npmjs.org/fastq/-/fastq-1.20.1.tgz 34110ms (cache miss)
1808 http fetch GET 200 https://registry.npmjs.org/@eslint-community/regexpp/-/regexpp-4.12.2.tgz 34282ms (cache miss)
1809 http fetch GET 200 https://registry.npmjs.org/zod-validation-error/-/zod-validation-error-4.0.2.tgz 34770ms (cache miss)
1810 http fetch GET 200 https://registry.npmjs.org/hermes-estree/-/hermes-estree-0.25.1.tgz 34814ms (cache miss)
1811 http fetch GET 200 https://registry.npmjs.org/emoji-regex/-/emoji-regex-9.2.2.tgz 34699ms (cache miss)
1812 http fetch GET 200 https://registry.npmjs.org/@babel/helper-module-transforms/-/helper-module-transforms-7.29.7.tgz 34941ms (cache miss)
1813 http fetch GET 200 https://registry.npmjs.org/has-symbols/-/has-symbols-1.1.0.tgz 34966ms (cache miss)
1814 http fetch GET 200 https://registry.npmjs.org/@babel/template/-/template-7.29.7.tgz 35114ms (cache miss)
1815 http fetch GET 200 https://registry.npmjs.org/eslint-scope/-/eslint-scope-8.4.0.tgz 34984ms (cache miss)
1816 http fetch GET 200 https://registry.npmjs.org/@eslint-community/eslint-utils/-/eslint-utils-4.9.1.tgz 34928ms (cache miss)
1817 http fetch GET 200 https://registry.npmjs.org/array.prototype.flat/-/array.prototype.flat-1.3.3.tgz 34992ms (cache miss)
1818 http fetch GET 200 https://registry.npmjs.org/globalthis/-/globalthis-1.0.4.tgz 35128ms (cache miss)
1819 http fetch GET 200 https://registry.npmjs.org/array-includes/-/array-includes-3.1.9.tgz 35057ms (cache miss)
1820 http fetch GET 200 https://registry.npmjs.org/array.prototype.findlast/-/array.prototype.findlast-1.2.5.tgz 35092ms (cache miss)
1821 http fetch GET 200 https://registry.npmjs.org/object.entries/-/object.entries-1.1.9.tgz 35213ms (cache miss)
1822 http fetch GET 200 https://registry.npmjs.org/array.prototype.flatmap/-/array.prototype.flatmap-1.3.3.tgz 35229ms (cache miss)
1823 http fetch GET 200 https://registry.npmjs.org/@emnapi/wasi-threads/-/wasi-threads-1.2.1.tgz 35364ms (cache miss)
1824 http fetch GET 200 https://registry.npmjs.org/source-map-js/-/source-map-js-1.2.1.tgz 35586ms (cache miss)
1825 http fetch GET 200 https://registry.npmjs.org/acorn/-/acorn-8.16.0.tgz 35723ms (cache miss)
1826 http fetch GET 200 https://registry.npmjs.org/object.assign/-/object.assign-4.1.7.tgz 36315ms (cache miss)
1827 http fetch GET 200 https://registry.npmjs.org/@eslint/config-array/-/config-array-0.21.2.tgz 36275ms (cache miss)
1828 http fetch GET 200 https://registry.npmjs.org/@types/react/-/react-19.2.17.tgz 36607ms (cache miss)
1829 http fetch GET 200 https://registry.npmjs.org/fraction.js/-/fraction.js-5.3.4.tgz 36758ms (cache miss)
1830 http fetch GET 200 https://registry.npmjs.org/napi-postinstall/-/napi-postinstall-0.3.4.tgz 36812ms (cache miss)
1831 http fetch GET 200 https://registry.npmjs.org/json5/-/json5-2.2.3.tgz 36795ms (cache miss)
1832 http fetch GET 200 https://registry.npmjs.org/@emnapi/runtime/-/runtime-1.10.0.tgz 36831ms (cache miss)
1833 http fetch GET 200 https://registry.npmjs.org/@emnapi/runtime/-/runtime-1.11.0.tgz 36909ms (cache miss)
1834 http fetch GET 200 https://registry.npmjs.org/csstype/-/csstype-3.2.3.tgz 37009ms (cache miss)
1835 http fetch GET 200 https://registry.npmjs.org/@nodelib/fs.walk/-/fs.walk-1.2.8.tgz 38336ms (cache miss)
1836 http fetch GET 200 https://registry.npmjs.org/@jridgewell/sourcemap-codec/-/sourcemap-codec-1.5.5.tgz 38419ms (cache miss)
1837 http fetch GET 200 https://registry.npmjs.org/react/-/react-19.2.7.tgz 38582ms (cache miss)
1838 http fetch GET 200 https://registry.npmjs.org/esquery/-/esquery-1.7.0.tgz 38591ms (cache miss)
1839 http fetch GET 200 https://registry.npmjs.org/@jridgewell/gen-mapping/-/gen-mapping-0.3.13.tgz 38612ms (cache miss)
1840 http fetch GET 200 https://registry.npmjs.org/eslint-module-utils/-/eslint-module-utils-2.13.0.tgz 38699ms (cache miss)
1841 http fetch GET 200 https://registry.npmjs.org/object-inspect/-/object-inspect-1.13.4.tgz 38832ms (cache miss)
1842 http fetch GET 200 https://registry.npmjs.org/styled-jsx/-/styled-jsx-5.1.6.tgz 38938ms (cache miss)
1843 http fetch GET 200 https://registry.npmjs.org/@babel/parser/-/parser-7.29.7.tgz 39020ms (cache miss)
1844 http fetch GET 200 https://registry.npmjs.org/@unrs/resolver-binding-win32-x64-msvc/-/resolver-binding-win32-x64-msvc-1.12.2.tgz 38839ms (cache miss)
1845 http fetch GET 200 https://registry.npmjs.org/postcss-selector-parser/-/postcss-selector-parser-6.1.2.tgz 38980ms (cache miss)
1846 http fetch GET 200 https://registry.npmjs.org/undici-types/-/undici-types-6.21.0.tgz 39034ms (cache miss)
1847 http fetch GET 200 https://registry.npmjs.org/language-subtag-registry/-/language-subtag-registry-0.3.23.tgz 38976ms (cache miss)
1848 http fetch GET 200 https://registry.npmjs.org/sharp/-/sharp-0.34.5.tgz 38899ms (cache miss)
1849 http fetch GET 200 https://registry.npmjs.org/@eslint/eslintrc/-/eslintrc-3.3.5.tgz 38982ms (cache miss)
1850 http fetch GET 200 https://registry.npmjs.org/@typescript-eslint/type-utils/-/type-utils-8.61.1.tgz 39227ms (cache miss)
1851 http fetch GET 200 https://registry.npmjs.org/jiti/-/jiti-1.21.7.tgz 39161ms (cache miss)
1852 http fetch GET 200 https://registry.npmjs.org/@emnapi/core/-/core-1.10.0.tgz 39043ms (cache miss)
1853 http fetch GET 200 https://registry.npmjs.org/@babel/generator/-/generator-7.29.7.tgz 39371ms (cache miss)
1854 http fetch GET 200 https://registry.npmjs.org/@next/eslint-plugin-next/-/eslint-plugin-next-16.2.9.tgz 39454ms (cache miss)
1855 http fetch GET 200 https://registry.npmjs.org/uri-js/-/uri-js-4.4.1.tgz 39452ms (cache miss)
1856 http fetch GET 200 https://registry.npmjs.org/js-yaml/-/js-yaml-4.2.0.tgz 39393ms (cache miss)
1857 http fetch GET 200 https://registry.npmjs.org/semver/-/semver-7.8.4.tgz 39440ms (cache miss)
1858 http fetch GET 200 https://registry.npmjs.org/@tybys/wasm-util/-/wasm-util-0.10.2.tgz 39313ms (cache miss)
1859 http fetch GET 200 https://registry.npmjs.org/@jridgewell/trace-mapping/-/trace-mapping-0.3.31.tgz 39324ms (cache miss)
1860 http fetch GET 200 https://registry.npmjs.org/postcss/-/postcss-8.5.15.tgz 39514ms (cache miss)
1861 http fetch GET 200 https://registry.npmjs.org/fast-glob/-/fast-glob-3.3.1.tgz 39581ms (cache miss)
1862 http fetch GET 200 https://registry.npmjs.org/postcss/-/postcss-8.4.31.tgz 39380ms (cache miss)
1863 http fetch GET 200 https://registry.npmjs.org/fast-glob/-/fast-glob-3.3.3.tgz 39412ms (cache miss)
1864 http fetch GET 200 https://registry.npmjs.org/motion-dom/-/motion-dom-11.18.1.tgz 39578ms (cache miss)
1865 http fetch GET 200 https://registry.npmjs.org/minimatch/-/minimatch-10.2.5.tgz 39457ms (cache miss)
1866 http fetch GET 200 https://registry.npmjs.org/sharp/-/sharp-0.35.1.tgz 39657ms (cache miss)
1867 http fetch GET 200 https://registry.npmjs.org/hermes-parser/-/hermes-parser-0.25.1.tgz 39738ms (cache miss)
1868 http fetch GET 200 https://registry.npmjs.org/eslint-plugin-react-hooks/-/eslint-plugin-react-hooks-7.1.1.tgz 39784ms (cache miss)
1869 http fetch GET 200 https://registry.npmjs.org/@babel/traverse/-/traverse-7.29.7.tgz 39876ms (cache miss)
1870 http fetch GET 200 https://registry.npmjs.org/axe-core/-/axe-core-4.12.0.tgz 39800ms (cache miss)
1871 http fetch GET 200 https://registry.npmjs.org/tsconfig-paths/-/tsconfig-paths-3.15.0.tgz 39967ms (cache miss)
1872 http fetch GET 200 https://registry.npmjs.org/@typescript-eslint/utils/-/utils-8.61.1.tgz 40040ms (cache miss)
1873 http fetch GET 200 https://registry.npmjs.org/autoprefixer/-/autoprefixer-10.5.0.tgz 39888ms (cache miss)
1874 http fetch GET 200 https://registry.npmjs.org/@typescript-eslint/typescript-estree/-/typescript-estree-8.61.1.tgz 40131ms (cache miss)
1875 http fetch GET 200 https://registry.npmjs.org/@napi-rs/wasm-runtime/-/wasm-runtime-1.1.4.tgz 40040ms (cache miss)
1876 http fetch GET 200 https://registry.npmjs.org/ajv/-/ajv-6.15.0.tgz 40202ms (cache miss)
1877 http fetch GET 200 https://registry.npmjs.org/jsx-ast-utils/-/jsx-ast-utils-3.3.5.tgz 40327ms (cache miss)
1878 http fetch GET 200 https://registry.npmjs.org/@types/node/-/node-22.19.20.tgz 40346ms (cache miss)
1879 http fetch GET 200 https://registry.npmjs.org/resolve/-/resolve-1.22.12.tgz 40446ms (cache miss)
1880 http fetch GET 200 https://registry.npmjs.org/resolve/-/resolve-1.22.12.tgz 40447ms (cache miss)
1881 http fetch GET 200 https://registry.npmjs.org/axobject-query/-/axobject-query-4.1.0.tgz 40588ms (cache miss)
1882 http fetch GET 200 https://registry.npmjs.org/resolve/-/resolve-2.0.0-next.7.tgz 40779ms (cache miss)
1883 http fetch GET 200 https://registry.npmjs.org/@babel/core/-/core-7.29.7.tgz 40881ms (cache miss)
1884 http fetch GET 200 https://registry.npmjs.org/es-iterator-helpers/-/es-iterator-helpers-1.3.2.tgz 40777ms (cache miss)
1885 http fetch GET 200 https://registry.npmjs.org/eslint-plugin-import/-/eslint-plugin-import-2.32.0.tgz 40950ms (cache miss)
1886 http fetch GET 200 https://registry.npmjs.org/aria-query/-/aria-query-5.3.2.tgz 41092ms (cache miss)
1887 http fetch GET 200 https://registry.npmjs.org/@img/sharp-wasm32/-/sharp-wasm32-0.35.1.tgz 41082ms (cache miss)
1888 http fetch GET 200 https://registry.npmjs.org/react-dom/-/react-dom-19.2.7.tgz 41238ms (cache miss)
1889 http fetch GET 200 https://registry.npmjs.org/sucrase/-/sucrase-3.35.1.tgz 41688ms (cache miss)
1890 http fetch GET 200 https://registry.npmjs.org/@babel/types/-/types-7.29.7.tgz 41801ms (cache miss)
1891 http fetch GET 200 https://registry.npmjs.org/eslint-plugin-jsx-a11y/-/eslint-plugin-jsx-a11y-6.10.2.tgz 41780ms (cache miss)
1892 http fetch GET 200 https://registry.npmjs.org/@babel/helpers/-/helpers-7.29.7.tgz 41981ms (cache miss)
1893 http fetch GET 200 https://registry.npmjs.org/@img/sharp-win32-x64/-/sharp-win32-x64-0.35.1.tgz 42194ms (cache miss)
1894 http fetch GET 200 https://registry.npmjs.org/@img/sharp-win32-x64/-/sharp-win32-x64-0.34.5.tgz 42235ms (cache miss)
1895 http fetch GET 200 https://registry.npmjs.org/tailwindcss/-/tailwindcss-3.4.19.tgz 42552ms (cache miss)
1896 http fetch GET 200 https://registry.npmjs.org/@typescript-eslint/scope-manager/-/scope-manager-8.61.1.tgz 42623ms (cache miss)
1897 http fetch GET 200 https://registry.npmjs.org/next 8512ms (cache miss)
1898 silly packumentCache corgi:https://registry.npmjs.org/next set size:undefined disposed:false
1899 http fetch GET 200 https://registry.npmjs.org/eslint-plugin-react/-/eslint-plugin-react-7.37.5.tgz 46181ms (cache miss)
1900 http fetch GET 200 https://registry.npmjs.org/framer-motion/-/framer-motion-11.18.2.tgz 47774ms (cache miss)
1901 warn tar TAR_ENTRY_ERROR ENOSPC: no space left on device, write
1902 silly tar TAR_ENTRY_ERROR ENOSPC: no space left on device, write [Error: ENOSPC: no space left on device, write] {
1902 silly tar   errno: -4055,
1902 silly tar   code: 'ENOSPC',
1902 silly tar   syscall: 'write',
1902 silly tar   entry: ReadEntry {
1902 silly tar     _events: [Object: null prototype] {
1902 silly tar       end: [Function (anonymous)],
1902 silly tar       drain: [Function]
1902 silly tar     },
1902 silly tar     _eventsCount: 2,
1902 silly tar     _maxListeners: undefined,
1902 silly tar     writable: true,
1902 silly tar     readable: true,
1902 silly tar     extended: null,
1902 silly tar     globalExtended: null,
1902 silly tar     header: Header {
1902 silly tar       cksumValid: true,
1902 silly tar       needPax: false,
1902 silly tar       nullBlock: false,
1902 silly tar       block: null,
1902 silly tar       path: 'package/lib/lib.webworker.d.ts',
1902 silly tar       mode: 420,
1902 silly tar       uid: null,
1902 silly tar       gid: null,
1902 silly tar       size: 609557,
1902 silly tar       mtime: 1985-10-26T08:15:00.000Z,
1902 silly tar       cksum: 5899,
1902 silly tar       linkpath: '',
1902 silly tar       uname: '',
1902 silly tar       gname: '',
1902 silly tar       devmaj: 0,
1902 silly tar       devmin: 0,
1902 silly tar       atime: null,
1902 silly tar       ctime: null,
1902 silly tar       [Symbol(type)]: '0'
1902 silly tar     },
1902 silly tar     startBlockSize: 609792,
1902 silly tar     blockRemain: 361018,
1902 silly tar     remain: 360783,
1902 silly tar     type: 'File',
1902 silly tar     meta: false,
1902 silly tar     ignore: false,
1902 silly tar     path: 'lib/lib.webworker.d.ts',
1902 silly tar     mode: 438,
1902 silly tar     uid: null,
1902 silly tar     gid: null,
1902 silly tar     uname: '',
1902 silly tar     gname: '',
1902 silly tar     size: 609557,
1902 silly tar     mtime: 1985-10-26T08:15:00.000Z,
1902 silly tar     atime: null,
1902 silly tar     ctime: null,
1902 silly tar     linkpath: '',
1902 silly tar     absolute: 'C:/Users/Joud Alharbi/Desktop/Almoheet/node_modules/typescript/lib/lib.webworker.d.ts',
1902 silly tar     [Symbol(shapeMode)]: false,
1902 silly tar     [Symbol(kCapture)]: false,
1902 silly tar     [Symbol(flowing)]: false,
1902 silly tar     [Symbol(paused)]: true,
1902 silly tar     [Symbol(pipes)]: [ [Pipe] ],
1902 silly tar     [Symbol(buffer)]: [
1902 silly tar       <Buffer 69 73 74 65 6e 65 72 4f 70 74 69 6f 6e 73 29 3a 20 76 6f 69 64 3b 0a 20 20 20 20 72 65 6d 6f 76 65 45 76 65 6e 74 4c 69 73 74 65 6e 65 72 3c 4b 20 65 ... 16334 more bytes>,
1902 silly tar       <Buffer 3c 54 3e 29 3a 20 50 72 6f 6d 69 73 65 3c 54 3e 3b 0a 7d 0a 0a 64 65 63 6c 61 72 65 20 76 61 72 20 4c 6f 63 6b 4d 61 6e 61 67 65 72 3a 20 7b 0a 20 20 ... 10271 more bytes>
1902 silly tar     ],
1902 silly tar     [Symbol(objectMode)]: false,
1902 silly tar     [Symbol(encoding)]: null,
1902 silly tar     [Symbol(async)]: false,
1902 silly tar     [Symbol(decoder)]: null,
1902 silly tar     [Symbol(EOF)]: false,
1902 silly tar     [Symbol(emittedEnd)]: false,
1902 silly tar     [Symbol(emittingEnd)]: false,
1902 silly tar     [Symbol(closed)]: false,
1902 silly tar     [Symbol(emittedError)]: null,
1902 silly tar     [Symbol(bufferLength)]: 26705,
1902 silly tar     [Symbol(destroyed)]: false,
1902 silly tar     [Symbol(signal)]: undefined,
1902 silly tar     [Symbol(aborted)]: false
1902 silly tar   },
1902 silly tar   cwd: 'C:/Users/Joud Alharbi/Desktop/Almoheet/node_modules/typescript',
1902 silly tar   tarCode: 'TAR_ENTRY_ERROR'
1902 silly tar }
1903 warn tar TAR_ENTRY_ERROR ENOSPC: no space left on device, write
1904 silly tar TAR_ENTRY_ERROR ENOSPC: no space left on device, write [Error: ENOSPC: no space left on device, write] {
1904 silly tar   errno: -4055,
1904 silly tar   code: 'ENOSPC',
1904 silly tar   syscall: 'write',
1904 silly tar   entry: ReadEntry {
1904 silly tar     _events: [Object: null prototype] { end: [Array], drain: [Function] },
1904 silly tar     _eventsCount: 2,
1904 silly tar     _maxListeners: undefined,
1904 silly tar     writable: true,
1904 silly tar     readable: true,
1904 silly tar     extended: null,
1904 silly tar     globalExtended: null,
1904 silly tar     header: Header {
1904 silly tar       cksumValid: true,
1904 silly tar       needPax: false,
1904 silly tar       nullBlock: false,
1904 silly tar       block: null,
1904 silly tar       path: 'package/next-swc.win32-x64-msvc.node',
1904 silly tar       mode: 420,
1904 silly tar       uid: null,
1904 silly tar       gid: null,
1904 silly tar       size: 136858624,
1904 silly tar       mtime: 1985-10-26T08:15:00.000Z,
1904 silly tar       cksum: 6297,
1904 silly tar       linkpath: '',
1904 silly tar       uname: '',
1904 silly tar       gname: '',
1904 silly tar       devmaj: 0,
1904 silly tar       devmin: 0,
1904 silly tar       atime: null,
1904 silly tar       ctime: null,
1904 silly tar       [Symbol(type)]: '0'
1904 silly tar     },
1904 silly tar     startBlockSize: 136858624,
1904 silly tar     blockRemain: 103349255,
1904 silly tar     remain: 103349255,
1904 silly tar     type: 'File',
1904 silly tar     meta: false,
1904 silly tar     ignore: false,
1904 silly tar     path: 'next-swc.win32-x64-msvc.node',
1904 silly tar     mode: 438,
1904 silly tar     uid: null,
1904 silly tar     gid: null,
1904 silly tar     uname: '',
1904 silly tar     gname: '',
1904 silly tar     size: 136858624,
1904 silly tar     mtime: 1985-10-26T08:15:00.000Z,
1904 silly tar     atime: null,
1904 silly tar     ctime: null,
1904 silly tar     linkpath: '',
1904 silly tar     absolute: 'C:/Users/Joud Alharbi/Desktop/Almoheet/node_modules/@next/swc-win32-x64-msvc/next-swc.win32-x64-msvc.node',
1904 silly tar     [Symbol(shapeMode)]: false,
1904 silly tar     [Symbol(kCapture)]: false,
1904 silly tar     [Symbol(flowing)]: false,
1904 silly tar     [Symbol(paused)]: true,
1904 silly tar     [Symbol(pipes)]: [ [Pipe] ],
1904 silly tar     [Symbol(buffer)]: [
1904 silly tar       <Buffer de 42 0f b6 0c 10 84 c9 78 12 66 0f 6f 00 66 0f d7 c8 f3 44 0f bc d1 42 0f b6 0c 10 80 e1 01 49 8d 52 f0 4c 21 ca 4c 8b 44 24 30 46 88 04 10 44 88 44 ... 6795 more bytes>
1904 silly tar     ],
1904 silly tar     [Symbol(objectMode)]: false,
1904 silly tar     [Symbol(encoding)]: null,
1904 silly tar     [Symbol(async)]: false,
1904 silly tar     [Symbol(decoder)]: null,
1904 silly tar     [Symbol(EOF)]: false,
1904 silly tar     [Symbol(emittedEnd)]: false,
1904 silly tar     [Symbol(emittingEnd)]: false,
1904 silly tar     [Symbol(closed)]: false,
1904 silly tar     [Symbol(emittedError)]: null,
1904 silly tar     [Symbol(bufferLength)]: 6845,
1904 silly tar     [Symbol(destroyed)]: false,
1904 silly tar     [Symbol(signal)]: undefined,
1904 silly tar     [Symbol(aborted)]: false
1904 silly tar   },
1904 silly tar   cwd: 'C:/Users/Joud Alharbi/Desktop/Almoheet/node_modules/@next/swc-win32-x64-msvc',
1904 silly tar   tarCode: 'TAR_ENTRY_ERROR'
1904 silly tar }
1905 warn tar TAR_ENTRY_ERROR ENOSPC: no space left on device, write
1906 silly tar TAR_ENTRY_ERROR ENOSPC: no space left on device, write [Error: ENOSPC: no space left on device, write] {
1906 silly tar   errno: -4055,
1906 silly tar   code: 'ENOSPC',
1906 silly tar   syscall: 'write',
1906 silly tar   entry: ReadEntry {
1906 silly tar     _events: [Object: null prototype] { end: [Function (anonymous)] },
1906 silly tar     _eventsCount: 1,
1906 silly tar     _maxListeners: undefined,
1906 silly tar     writable: false,
1906 silly tar     readable: true,
1906 silly tar     extended: null,
1906 silly tar     globalExtended: null,
1906 silly tar     header: Header {
1906 silly tar       cksumValid: true,
1906 silly tar       needPax: false,
1906 silly tar       nullBlock: false,
1906 silly tar       block: null,
1906 silly tar       path: 'package/src/v4/classic/tests/error.test.ts',
1906 silly tar       mode: 420,
1906 silly tar       uid: null,
1906 silly tar       gid: null,
1906 silly tar       size: 19502,
1906 silly tar       mtime: 1985-10-26T08:15:00.000Z,
1906 silly tar       cksum: 7085,
1906 silly tar       linkpath: '',
1906 silly tar       uname: '',
1906 silly tar       gname: '',
1906 silly tar       devmaj: 0,
1906 silly tar       devmin: 0,
1906 silly tar       atime: null,
1906 silly tar       ctime: null,
1906 silly tar       [Symbol(type)]: '0'
1906 silly tar     },
1906 silly tar     startBlockSize: 19968,
1906 silly tar     blockRemain: 0,
1906 silly tar     remain: 0,
1906 silly tar     type: 'File',
1906 silly tar     meta: false,
1906 silly tar     ignore: false,
1906 silly tar     path: 'src/v4/classic/tests/error.test.ts',
1906 silly tar     mode: 438,
1906 silly tar     uid: null,
1906 silly tar     gid: null,
1906 silly tar     uname: '',
1906 silly tar     gname: '',
1906 silly tar     size: 19502,
1906 silly tar     mtime: 1985-10-26T08:15:00.000Z,
1906 silly tar     atime: null,
1906 silly tar     ctime: null,
1906 silly tar     linkpath: '',
1906 silly tar     absolute: 'C:/Users/Joud Alharbi/Desktop/Almoheet/node_modules/zod/src/v4/classic/tests/error.test.ts',
1906 silly tar     [Symbol(shapeMode)]: false,
1906 silly tar     [Symbol(kCapture)]: false,
1906 silly tar     [Symbol(flowing)]: false,
1906 silly tar     [Symbol(paused)]: true,
1906 silly tar     [Symbol(pipes)]: [ [Pipe] ],
1906 silly tar     [Symbol(buffer)]: [
1906 silly tar       <Buffer 6f 72 69 67 69 6e 22 3a 20 22 73 74 72 69 6e 67 22 2c 0a 20 20 20 20 20 20 20 20 22 63 6f 64 65 22 3a 20 22 74 6f 6f 5f 73 6d 61 6c 6c 22 2c 0a 20 20 ... 5349 more bytes>
1906 silly tar     ],
1906 silly tar     [Symbol(objectMode)]: false,
1906 silly tar     [Symbol(encoding)]: null,
1906 silly tar     [Symbol(async)]: false,
1906 silly tar     [Symbol(decoder)]: null,
1906 silly tar     [Symbol(EOF)]: true,
1906 silly tar     [Symbol(emittedEnd)]: false,
1906 silly tar     [Symbol(emittingEnd)]: false,
1906 silly tar     [Symbol(closed)]: false,
1906 silly tar     [Symbol(emittedError)]: null,
1906 silly tar     [Symbol(bufferLength)]: 5399,
1906 silly tar     [Symbol(destroyed)]: false,
1906 silly tar     [Symbol(signal)]: undefined,
1906 silly tar     [Symbol(aborted)]: false
1906 silly tar   },
1906 silly tar   cwd: 'C:/Users/Joud Alharbi/Desktop/Almoheet/node_modules/zod',
1906 silly tar   tarCode: 'TAR_ENTRY_ERROR'
1906 silly tar }
1907 warn tar TAR_ENTRY_ERROR ENOSPC: no space left on device, write
1908 silly tar TAR_ENTRY_ERROR ENOSPC: no space left on device, write [Error: ENOSPC: no space left on device, write] {
1908 silly tar   errno: -4055,
1908 silly tar   code: 'ENOSPC',
1908 silly tar   syscall: 'write',
1908 silly tar   entry: ReadEntry {
1908 silly tar     _events: [Object: null prototype] {
1908 silly tar       end: [Function (anonymous)],
1908 silly tar       drain: [Function]
1908 silly tar     },
1908 silly tar     _eventsCount: 2,
1908 silly tar     _maxListeners: undefined,
1908 silly tar     writable: true,
1908 silly tar     readable: true,
1908 silly tar     extended: null,
1908 silly tar     globalExtended: null,
1908 silly tar     header: Header {
1908 silly tar       cksumValid: true,
1908 silly tar       needPax: false,
1908 silly tar       nullBlock: false,
1908 silly tar       block: null,
1908 silly tar       path: 'package/dist/compiled/next-server/app-page-turbo-experimental.runtime.dev.js',
1908 silly tar       mode: 420,
1908 silly tar       uid: null,
1908 silly tar       gid: null,
1908 silly tar       size: 1559991,
1908 silly tar       mtime: 1985-10-26T08:15:00.000Z,
1908 silly tar       cksum: 10539,
1908 silly tar       linkpath: '',
1908 silly tar       uname: '',
1908 silly tar       gname: '',
1908 silly tar       devmaj: 0,
1908 silly tar       devmin: 0,
1908 silly tar       atime: null,
1908 silly tar       ctime: null,
1908 silly tar       [Symbol(type)]: '0'
1908 silly tar     },
1908 silly tar     startBlockSize: 1560064,
1908 silly tar     blockRemain: 871796,
1908 silly tar     remain: 871723,
1908 silly tar     type: 'File',
1908 silly tar     meta: false,
1908 silly tar     ignore: false,
1908 silly tar     path: 'dist/compiled/next-server/app-page-turbo-experimental.runtime.dev.js',
1908 silly tar     mode: 438,
1908 silly tar     uid: null,
1908 silly tar     gid: null,
1908 silly tar     uname: '',
1908 silly tar     gname: '',
1908 silly tar     size: 1559991,
1908 silly tar     mtime: 1985-10-26T08:15:00.000Z,
1908 silly tar     atime: null,
1908 silly tar     ctime: null,
1908 silly tar     linkpath: '',
1908 silly tar     absolute: 'C:/Users/Joud Alharbi/Desktop/Almoheet/node_modules/next/dist/compiled/next-server/app-page-turbo-experimental.runtime.dev.js',
1908 silly tar     [Symbol(shapeMode)]: false,
1908 silly tar     [Symbol(kCapture)]: false,
1908 silly tar     [Symbol(flowing)]: false,
1908 silly tar     [Symbol(paused)]: true,
1908 silly tar     [Symbol(pipes)]: [ [Pipe] ],
1908 silly tar     [Symbol(buffer)]: [
1908 silly tar       <Buffer 72 63 68 50 61 72 61 6d 28 68 65 61 64 65 72 73 29 7b 72 65 74 75 72 6e 22 66 75 6e 63 74 69 6f 6e 22 3d 3d 74 79 70 65 6f 66 20 67 6c 6f 62 61 6c 54 ... 16334 more bytes>,
1908 silly tar       <Buffer 4e 6f 53 65 61 72 63 68 50 61 72 61 6d 73 2e 6d 65 74 61 64 61 74 61 2c 6f 70 74 69 6d 69 73 74 69 63 52 65 6e 64 65 72 65 64 53 65 61 72 63 68 29 2c ... 16334 more bytes>,
1908 silly tar       <Buffer 79 50 61 74 68 2c 65 6e 74 72 79 2c 21 31 29 7d 72 65 74 75 72 6e 7b 76 61 6c 75 65 3a 6e 75 6c 6c 2c 63 6c 6f 73 65 64 3a 63 6c 6f 73 65 64 2e 70 72 ... 16334 more bytes>,
1908 silly tar       <Buffer 20 72 65 61 64 65 72 2e 72 65 61 64 28 29 3b 72 65 73 75 6c 74 2e 64 6f 6e 65 3f 63 6f 6e 74 72 6f 6c 6c 65 72 2e 63 6c 6f 73 65 28 29 3a 63 6f 6e 74 ... 6265 more bytes>
1908 silly tar     ],
1908 silly tar     [Symbol(objectMode)]: false,
1908 silly tar     [Symbol(encoding)]: null,
1908 silly tar     [Symbol(async)]: false,
1908 silly tar     [Symbol(decoder)]: null,
1908 silly tar     [Symbol(EOF)]: false,
1908 silly tar     [Symbol(emittedEnd)]: false,
1908 silly tar     [Symbol(emittingEnd)]: false,
1908 silly tar     [Symbol(closed)]: false,
1908 silly tar     [Symbol(emittedError)]: null,
1908 silly tar     [Symbol(bufferLength)]: 55467,
1908 silly tar     [Symbol(destroyed)]: false,
1908 silly tar     [Symbol(signal)]: undefined,
1908 silly tar     [Symbol(aborted)]: false
1908 silly tar   },
1908 silly tar   cwd: 'C:/Users/Joud Alharbi/Desktop/Almoheet/node_modules/next',
1908 silly tar   tarCode: 'TAR_ENTRY_ERROR'
1908 silly tar }
1909 warn tar TAR_ENTRY_ERROR ENOSPC: no space left on device, write
1910 silly tar TAR_ENTRY_ERROR ENOSPC: no space left on device, write [Error: ENOSPC: no space left on device, write] {
1910 silly tar   errno: -4055,
1910 silly tar   code: 'ENOSPC',
1910 silly tar   syscall: 'write',
1910 silly tar   entry: ReadEntry {
1910 silly tar     _events: [Object: null prototype] { end: [Function (anonymous)] },
1910 silly tar     _eventsCount: 1,
1910 silly tar     _maxListeners: undefined,
1910 silly tar     writable: false,
1910 silly tar     readable: true,
1910 silly tar     extended: null,
1910 silly tar     globalExtended: null,
1910 silly tar     header: Header {
1910 silly tar       cksumValid: true,
1910 silly tar       needPax: false,
1910 silly tar       nullBlock: false,
1910 silly tar       block: null,
1910 silly tar       path: 'package/lib/types/index.d.ts',
1910 silly tar       mode: 420,
1910 silly tar       uid: null,
1910 silly tar       gid: null,
1910 silly tar       size: 53178,
1910 silly tar       mtime: 1985-10-26T08:15:00.000Z,
1910 silly tar       cksum: 5708,
1910 silly tar       linkpath: '',
1910 silly tar       uname: '',
1910 silly tar       gname: '',
1910 silly tar       devmaj: 0,
1910 silly tar       devmin: 0,
1910 silly tar       atime: null,
1910 silly tar       ctime: null,
1910 silly tar       [Symbol(type)]: '0'
1910 silly tar     },
1910 silly tar     startBlockSize: 53248,
1910 silly tar     blockRemain: 0,
1910 silly tar     remain: 0,
1910 silly tar     type: 'File',
1910 silly tar     meta: false,
1910 silly tar     ignore: false,
1910 silly tar     path: 'lib/types/index.d.ts',
1910 silly tar     mode: 438,
1910 silly tar     uid: null,
1910 silly tar     gid: null,
1910 silly tar     uname: '',
1910 silly tar     gname: '',
1910 silly tar     size: 53178,
1910 silly tar     mtime: 1985-10-26T08:15:00.000Z,
1910 silly tar     atime: null,
1910 silly tar     ctime: null,
1910 silly tar     linkpath: '',
1910 silly tar     absolute: 'C:/Users/Joud Alharbi/Desktop/Almoheet/node_modules/eslint/lib/types/index.d.ts',
1910 silly tar     [Symbol(shapeMode)]: false,
1910 silly tar     [Symbol(kCapture)]: false,
1910 silly tar     [Symbol(flowing)]: false,
1910 silly tar     [Symbol(paused)]: true,
1910 silly tar     [Symbol(pipes)]: [ [Pipe] ],
1910 silly tar     [Symbol(buffer)]: [
1910 silly tar       <Buffer 29 0a 09 09 09 7c 20 75 6e 64 65 66 69 6e 65 64 3b 0a 09 09 22 4d 65 6d 62 65 72 45 78 70 72 65 73 73 69 6f 6e 3a 65 78 69 74 22 3f 3a 0a 09 09 09 7c ... 16334 more bytes>,
1910 silly tar       <Buffer 69 6e 67 2e 0a 09 09 20 2a 2f 0a 09 09 67 6c 6f 62 61 6c 73 3f 3a 20 47 6c 6f 62 61 6c 73 20 7c 20 75 6e 64 65 66 69 6e 65 64 3b 0a 0a 09 09 2f 2a 2a ... 10424 more bytes>
1910 silly tar     ],
1910 silly tar     [Symbol(objectMode)]: false,
1910 silly tar     [Symbol(encoding)]: null,
1910 silly tar     [Symbol(async)]: false,
1910 silly tar     [Symbol(decoder)]: null,
1910 silly tar     [Symbol(EOF)]: true,
1910 silly tar     [Symbol(emittedEnd)]: false,
1910 silly tar     [Symbol(emittingEnd)]: false,
1910 silly tar     [Symbol(closed)]: false,
1910 silly tar     [Symbol(emittedError)]: null,
1910 silly tar     [Symbol(bufferLength)]: 26858,
1910 silly tar     [Symbol(destroyed)]: false,
1910 silly tar     [Symbol(signal)]: undefined,
1910 silly tar     [Symbol(aborted)]: false
1910 silly tar   },
1910 silly tar   cwd: 'C:/Users/Joud Alharbi/Desktop/Almoheet/node_modules/eslint',
1910 silly tar   tarCode: 'TAR_ENTRY_ERROR'
1910 silly tar }
1911 warn tar TAR_ENTRY_ERROR ENOSPC: no space left on device, write
1912 silly tar TAR_ENTRY_ERROR ENOSPC: no space left on device, write [Error: ENOSPC: no space left on device, write] {
1912 silly tar   errno: -4055,
1912 silly tar   code: 'ENOSPC',
1912 silly tar   syscall: 'write',
1912 silly tar   entry: ReadEntry {
1912 silly tar     _events: [Object: null prototype] {},
1912 silly tar     _eventsCount: 0,
1912 silly tar     _maxListeners: undefined,
1912 silly tar     writable: false,
1912 silly tar     readable: false,
1912 silly tar     extended: null,
1912 silly tar     globalExtended: null,
1912 silly tar     header: Header {
1912 silly tar       cksumValid: true,
1912 silly tar       needPax: false,
1912 silly tar       nullBlock: false,
1912 silly tar       block: null,
1912 silly tar       path: 'package/data/regions/JM.js',
1912 silly tar       mode: 420,
1912 silly tar       uid: null,
1912 silly tar       gid: null,
1912 silly tar       size: 4618,
1912 silly tar       mtime: 1985-10-26T08:15:00.000Z,
1912 silly tar       cksum: 5438,
1912 silly tar       linkpath: '',
1912 silly tar       uname: '',
1912 silly tar       gname: '',
1912 silly tar       devmaj: 0,
1912 silly tar       devmin: 0,
1912 silly tar       atime: null,
1912 silly tar       ctime: null,
1912 silly tar       [Symbol(type)]: '0'
1912 silly tar     },
1912 silly tar     startBlockSize: 5120,
1912 silly tar     blockRemain: 0,
1912 silly tar     remain: 0,
1912 silly tar     type: 'File',
1912 silly tar     meta: false,
1912 silly tar     ignore: false,
1912 silly tar     path: 'data/regions/JM.js',
1912 silly tar     mode: 438,
1912 silly tar     uid: null,
1912 silly tar     gid: null,
1912 silly tar     uname: '',
1912 silly tar     gname: '',
1912 silly tar     size: 4618,
1912 silly tar     mtime: 1985-10-26T08:15:00.000Z,
1912 silly tar     atime: null,
1912 silly tar     ctime: null,
1912 silly tar     linkpath: '',
1912 silly tar     absolute: 'C:/Users/Joud Alharbi/Desktop/Almoheet/node_modules/caniuse-lite/data/regions/JM.js',
1912 silly tar     [Symbol(shapeMode)]: false,
1912 silly tar     [Symbol(kCapture)]: false,
1912 silly tar     [Symbol(flowing)]: false,
1912 silly tar     [Symbol(paused)]: true,
1912 silly tar     [Symbol(pipes)]: [ [Pipe] ],
1912 silly tar     [Symbol(buffer)]: [],
1912 silly tar     [Symbol(objectMode)]: false,
1912 silly tar     [Symbol(encoding)]: null,
1912 silly tar     [Symbol(async)]: false,
1912 silly tar     [Symbol(decoder)]: null,
1912 silly tar     [Symbol(EOF)]: true,
1912 silly tar     [Symbol(emittedEnd)]: true,
1912 silly tar     [Symbol(emittingEnd)]: false,
1912 silly tar     [Symbol(closed)]: false,
1912 silly tar     [Symbol(emittedError)]: null,
1912 silly tar     [Symbol(bufferLength)]: 0,
1912 silly tar     [Symbol(destroyed)]: false,
1912 silly tar     [Symbol(signal)]: undefined,
1912 silly tar     [Symbol(aborted)]: false
1912 silly tar   },
1912 silly tar   cwd: 'C:/Users/Joud Alharbi/Desktop/Almoheet/node_modules/caniuse-lite',
1912 silly tar   tarCode: 'TAR_ENTRY_ERROR'
1912 silly tar }
1913 verbose reify failed optional dependency C:\Users\Joud Alharbi\Desktop\Almoheet\node_modules\@next\swc-win32-x64-msvc
1914 silly reify mark deleted [
1914 silly reify   'C:\\Users\\Joud Alharbi\\Desktop\\Almoheet\\node_modules\\@next\\swc-win32-x64-msvc'
1914 silly reify ]
1915 http fetch GET 200 https://registry.npmjs.org/@swc/helpers/-/helpers-0.5.15.tgz 48056ms (cache miss)
1916 http fetch GET 200 https://registry.npmjs.org/eslint/-/eslint-9.39.4.tgz 48310ms (cache miss)
1917 http fetch GET 200 https://registry.npmjs.org/@typescript-eslint/eslint-plugin/-/eslint-plugin-8.61.1.tgz 49610ms (cache miss)
1918 http fetch GET 200 https://registry.npmjs.org/typescript/-/typescript-5.9.3.tgz 49621ms (cache miss)
1919 http fetch GET 200 https://registry.npmjs.org/zod/-/zod-4.4.3.tgz 82055ms (cache miss)
1920 http fetch GET 200 https://registry.npmjs.org/caniuse-lite/-/caniuse-lite-1.0.30001797.tgz 84072ms (cache miss)
1921 http fetch GET 200 https://registry.npmjs.org/es-abstract/-/es-abstract-1.24.2.tgz 99424ms (cache miss)
1922 http fetch GET 200 https://registry.npmjs.org/next/-/next-16.2.9.tgz 140092ms (cache miss)
1923 verbose stack Error: ENOSPC: no space left on device, write
1924 error code ENOSPC
1925 error syscall write
1926 error errno -4055
1927 error nospc ENOSPC: no space left on device, write
1928 error nospc There appears to be insufficient space on your system to finish.
1928 error nospc Clear up some disk space and try again.
1929 silly unfinished npm timer reify 1781635178680
1930 silly unfinished npm timer reify:unpack 1781635192076
1931 silly unfinished npm timer reifyNode:node_modules/typescript 1781635192077
1932 verbose cwd C:\Users\Joud Alharbi\Desktop\Almoheet
1933 verbose os Windows_NT 10.0.26100
1934 verbose node v22.14.0
1935 verbose npm  v10.9.2
1936 notice
1936 notice New major version of npm available! 10.9.2 -> 11.17.0
1936 notice Changelog: https://github.com/npm/cli/releases/tag/v11.17.0
1936 notice To update run: npm install -g npm@11.17.0
1936 notice  { force: true, [Symbol(proc-log.meta)]: true }
1937 verbose exit -4055
1938 verbose code -4055
1939 error A complete log of this run can be found in: C:\Users\Joud Alharbi\Desktop\Almoheet\.npm-cache\_logs\2026-06-16T18_39_38_016Z-debug-0.log
